ds,region,skill_category,y
2025-08-01,Kolkata,electrician,19
2025-08-02,Kolkata,electrician,12
2025-08-03,Kolkata,electrician,11
2025-08-04,Kolkata,electrician,21
2025-08-05,Kolkata,electrician,18
2025-08-06,Kolkata,electrician,19
2025-08-07,Kolkata,electrician,23
2025-08-08,Kolkata,electrician,20
2025-08-09,Kolkata,electrician,12
2025-08-10,Kolkata,electrician,11
2025-08-11,Kolkata,electrician,17
2025-08-12,Kolkata,electrician,18
2025-08-13,Kolkata,electrician,20
2025-08-14,Kolkata,electrician,15
2025-08-15,Kolkata,electrician,14
2025-08-16,Kolkata,electrician,12
2025-08-17,Kolkata,electrician,9
2025-08-18,Kolkata,electrician,19
2025-08-19,Kolkata,electrician,17
2025-08-20,Kolkata,electrician,17
2025-08-21,Kolkata,electrician,22
2025-08-22,Kolkata,electrician,18
2025-08-23,Kolkata,electrician,13
2025-08-24,Kolkata,electrician,8
2025-08-25,Kolkata,electrician,17
2025-08-26,Kolkata,electrician,19
2025-08-27,Kolkata,electrician,17
2025-08-28,Kolkata,electrician,20
2025-08-29,Kolkata,electrician,17
2025-08-30,Kolkata,electrician,12
2025-08-31,Kolkata,electrician,9
2025-09-01,Kolkata,electrician,19
2025-09-02,Kolkata,electrician,16
2025-09-03,Kolkata,electrician,15
2025-09-04,Kolkata,electrician,18
2025-09-05,Kolkata,electrician,13
2025-09-06,Kolkata,electrician,11
2025-09-07,Kolkata,electrician,6
2025-09-08,Kolkata,electrician,13
2025-09-09,Kolkata,electrician,16
2025-09-10,Kolkata,electrician,18
2025-09-11,Kolkata,electrician,16
2025-09-12,Kolkata,electrician,15
2025-09-13,Kolkata,electrician,10
2025-09-14,Kolkata,electrician,7
2025-09-15,Kolkata,electrician,14
2025-09-16,Kolkata,electrician,15
2025-09-17,Kolkata,electrician,19
2025-09-18,Kolkata,electrician,17
2025-09-19,Kolkata,electrician,12
2025-09-20,Kolkata,electrician,11
2025-09-21,Kolkata,electrician,8
2025-09-22,Kolkata,electrician,14
2025-09-23,Kolkata,electrician,17
2025-09-24,Kolkata,electrician,19
2025-09-25,Kolkata,electrician,18
2025-09-26,Kolkata,electrician,14
2025-09-27,Kolkata,electrician,10
2025-09-28,Kolkata,electrician,9
2025-09-29,Kolkata,electrician,17
2025-09-30,Kolkata,electrician,15
2025-10-01,Kolkata,electrician,22
2025-10-02,Kolkata,electrician,19
2025-10-03,Kolkata,electrician,18
2025-10-04,Kolkata,electrician,16
2025-10-05,Kolkata,electrician,13
2025-10-06,Kolkata,electrician,21
2025-10-07,Kolkata,electrician,24
2025-10-08,Kolkata,electrician,24
2025-10-09,Kolkata,electrician,20
2025-10-10,Kolkata,electrician,22
2025-10-11,Kolkata,electrician,17
2025-10-12,Kolkata,electrician,11
2025-10-13,Kolkata,electrician,25
2025-10-14,Kolkata,electrician,15
2025-10-15,Kolkata,electrician,25
2025-10-16,Kolkata,electrician,22
2025-10-17,Kolkata,electrician,20
2025-10-18,Kolkata,electrician,15
2025-10-19,Kolkata,electrician,9
2025-10-20,Kolkata,electrician,20
2025-10-21,Kolkata,electrician,23
2025-10-22,Kolkata,electrician,27
2025-10-23,Kolkata,electrician,21
2025-10-24,Kolkata,electrician,19
2025-10-25,Kolkata,electrician,14
2025-10-26,Kolkata,electrician,13
2025-10-27,Kolkata,electrician,22
2025-10-28,Kolkata,electrician,21
2025-10-29,Kolkata,electrician,24
2025-10-30,Kolkata,electrician,22
2025-10-31,Kolkata,electrician,23
2025-11-01,Kolkata,electrician,13
2025-11-02,Kolkata,electrician,11
2025-11-03,Kolkata,electrician,20
2025-11-04,Kolkata,electrician,18
2025-11-05,Kolkata,electrician,24
2025-11-06,Kolkata,electrician,23
2025-11-07,Kolkata,electrician,21
2025-11-08,Kolkata,electrician,14
2025-11-09,Kolkata,electrician,10
2025-11-10,Kolkata,electrician,20
2025-11-11,Kolkata,electrician,21
2025-11-12,Kolkata,electrician,21
2025-11-13,Kolkata,electrician,22
2025-11-14,Kolkata,electrician,22
2025-11-15,Kolkata,electrician,18
2025-11-16,Kolkata,electrician,12
2025-11-17,Kolkata,electrician,22
2025-11-18,Kolkata,electrician,22
2025-11-19,Kolkata,electrician,18
2025-11-20,Kolkata,electrician,22
2025-11-21,Kolkata,electrician,21
2025-11-22,Kolkata,electrician,19
2025-11-23,Kolkata,electrician,11
2025-11-24,Kolkata,electrician,22
2025-11-25,Kolkata,electrician,22
2025-11-26,Kolkata,electrician,20
2025-11-27,Kolkata,electrician,25
2025-11-28,Kolkata,electrician,23
2025-11-29,Kolkata,electrician,16
2025-11-30,Kolkata,electrician,10
2025-12-01,Kolkata,electrician,17
2025-12-02,Kolkata,electrician,12
2025-12-03,Kolkata,electrician,17
2025-12-04,Kolkata,electrician,19
2025-12-05,Kolkata,electrician,12
2025-12-06,Kolkata,electrician,9
2025-12-07,Kolkata,electrician,8
2025-12-08,Kolkata,electrician,13
2025-12-09,Kolkata,electrician,12
2025-12-10,Kolkata,electrician,16
2025-12-11,Kolkata,electrician,13
2025-12-12,Kolkata,electrician,15
2025-12-13,Kolkata,electrician,9
2025-12-14,Kolkata,electrician,9
2025-12-15,Kolkata,electrician,13
2025-12-16,Kolkata,electrician,14
2025-12-17,Kolkata,electrician,17
2025-12-18,Kolkata,electrician,13
2025-12-19,Kolkata,electrician,15
2025-12-20,Kolkata,electrician,12
2025-12-21,Kolkata,electrician,6
2025-12-22,Kolkata,electrician,15
2025-12-23,Kolkata,electrician,15
2025-12-24,Kolkata,electrician,17
2025-12-25,Kolkata,electrician,13
2025-12-26,Kolkata,electrician,12
2025-12-27,Kolkata,electrician,11
2025-12-28,Kolkata,electrician,8
2025-12-29,Kolkata,electrician,15
2025-12-30,Kolkata,electrician,16
2025-12-31,Kolkata,electrician,14
2026-01-01,Kolkata,electrician,15
2026-01-02,Kolkata,electrician,15
2026-01-03,Kolkata,electrician,9
2026-01-04,Kolkata,electrician,10
2026-01-05,Kolkata,electrician,15
2026-01-06,Kolkata,electrician,13
2026-01-07,Kolkata,electrician,17
2026-01-08,Kolkata,electrician,13
2026-01-09,Kolkata,electrician,16
2026-01-10,Kolkata,electrician,11
2026-01-11,Kolkata,electrician,7
2026-01-12,Kolkata,electrician,16
2026-01-13,Kolkata,electrician,16
2026-01-14,Kolkata,electrician,17
2026-01-15,Kolkata,electrician,19
2026-01-16,Kolkata,electrician,14
2026-01-17,Kolkata,electrician,9
2026-01-18,Kolkata,electrician,7
2026-01-19,Kolkata,electrician,13
2026-01-20,Kolkata,electrician,15
2026-01-21,Kolkata,electrician,17
2026-01-22,Kolkata,electrician,16
2026-01-23,Kolkata,electrician,16
2026-01-24,Kolkata,electrician,10
2026-01-25,Kolkata,electrician,9
2026-01-26,Kolkata,electrician,14
2026-01-27,Kolkata,electrician,20
2026-01-28,Kolkata,electrician,17
2026-01-29,Kolkata,electrician,14
2026-01-30,Kolkata,electrician,13
2026-01-31,Kolkata,electrician,11
2026-02-01,Kolkata,electrician,8
2026-02-02,Kolkata,electrician,16
2026-02-03,Kolkata,electrician,16
2026-02-04,Kolkata,electrician,16
2026-02-05,Kolkata,electrician,14
2026-02-06,Kolkata,electrician,12
2026-02-07,Kolkata,electrician,10
2026-02-08,Kolkata,electrician,9
2026-02-09,Kolkata,electrician,15
2026-02-10,Kolkata,electrician,13
2026-02-11,Kolkata,electrician,16
2026-02-12,Kolkata,electrician,16
2026-02-13,Kolkata,electrician,13
2026-02-14,Kolkata,electrician,10
2026-02-15,Kolkata,electrician,8
2026-02-16,Kolkata,electrician,13
2026-02-17,Kolkata,electrician,16
2026-02-18,Kolkata,electrician,17
2026-02-19,Kolkata,electrician,17
2026-02-20,Kolkata,electrician,16
2026-02-21,Kolkata,electrician,9
2026-02-22,Kolkata,electrician,7
2026-02-23,Kolkata,electrician,16
2026-02-24,Kolkata,electrician,16
2026-02-25,Kolkata,electrician,17
2026-02-26,Kolkata,electrician,22
2026-02-27,Kolkata,electrician,16
2026-02-28,Kolkata,electrician,12
2026-03-01,Kolkata,electrician,10
2026-03-02,Kolkata,electrician,18
2026-03-03,Kolkata,electrician,16
2026-03-04,Kolkata,electrician,20
2026-03-05,Kolkata,electrician,16
2026-03-06,Kolkata,electrician,16
2026-03-07,Kolkata,electrician,11
2026-03-08,Kolkata,electrician,9
2026-03-09,Kolkata,electrician,21
2026-03-10,Kolkata,electrician,13
2026-03-11,Kolkata,electrician,19
2026-03-12,Kolkata,electrician,14
2026-03-13,Kolkata,electrician,15
2026-03-14,Kolkata,electrician,13
2026-03-15,Kolkata,electrician,9
2026-03-16,Kolkata,electrician,14
2026-03-17,Kolkata,electrician,16
2026-03-18,Kolkata,electrician,19
2026-03-19,Kolkata,electrician,16
2026-03-20,Kolkata,electrician,17
2026-03-21,Kolkata,electrician,12
2026-03-22,Kolkata,electrician,8
2026-03-23,Kolkata,electrician,21
2026-03-24,Kolkata,electrician,19
2026-03-25,Kolkata,electrician,14
2026-03-26,Kolkata,electrician,18
2026-03-27,Kolkata,electrician,15
2026-03-28,Kolkata,electrician,13
2026-03-29,Kolkata,electrician,8
2026-03-30,Kolkata,electrician,16
2026-03-31,Kolkata,electrician,18
2026-04-01,Kolkata,electrician,25
2026-04-02,Kolkata,electrician,18
2026-04-03,Kolkata,electrician,20
2026-04-04,Kolkata,electrician,14
2026-04-05,Kolkata,electrician,10
2026-04-06,Kolkata,electrician,25
2026-04-07,Kolkata,electrician,23
2026-04-08,Kolkata,electrician,19
2026-04-09,Kolkata,electrician,24
2026-04-10,Kolkata,electrician,26
2026-04-11,Kolkata,electrician,16
2026-04-12,Kolkata,electrician,9
2026-04-13,Kolkata,electrician,19
2026-04-14,Kolkata,electrician,25
2026-04-15,Kolkata,electrician,21
2026-04-16,Kolkata,electrician,23
2026-04-17,Kolkata,electrician,23
2026-04-18,Kolkata,electrician,13
2026-04-19,Kolkata,electrician,11
2026-04-20,Kolkata,electrician,13
2026-04-21,Kolkata,electrician,19
2026-04-22,Kolkata,electrician,22
2026-04-23,Kolkata,electrician,19
2026-04-24,Kolkata,electrician,25
2026-04-25,Kolkata,electrician,12
2026-04-26,Kolkata,electrician,11
2026-04-27,Kolkata,electrician,21
2026-04-28,Kolkata,electrician,26
2026-04-29,Kolkata,electrician,19
2026-04-30,Kolkata,electrician,25
2026-05-01,Kolkata,electrician,21
2026-05-02,Kolkata,electrician,13
2026-05-03,Kolkata,electrician,12
2026-05-04,Kolkata,electrician,21
2026-05-05,Kolkata,electrician,20
2026-05-06,Kolkata,electrician,23
2026-05-07,Kolkata,electrician,21
2026-05-08,Kolkata,electrician,21
2026-05-09,Kolkata,electrician,16
2026-05-10,Kolkata,electrician,14
2026-05-11,Kolkata,electrician,18
2026-05-12,Kolkata,electrician,28
2026-05-13,Kolkata,electrician,18
2026-05-14,Kolkata,electrician,22
2026-05-15,Kolkata,electrician,22
2026-05-16,Kolkata,electrician,15
2026-05-17,Kolkata,electrician,11
2026-05-18,Kolkata,electrician,20
2026-05-19,Kolkata,electrician,21
2026-05-20,Kolkata,electrician,21
2026-05-21,Kolkata,electrician,24
2026-05-22,Kolkata,electrician,22
2026-05-23,Kolkata,electrician,13
2026-05-24,Kolkata,electrician,13
2026-05-25,Kolkata,electrician,22
2026-05-26,Kolkata,electrician,24
2026-05-27,Kolkata,electrician,25
2026-05-28,Kolkata,electrician,20
2026-05-29,Kolkata,electrician,20
2026-05-30,Kolkata,electrician,16
2026-05-31,Kolkata,electrician,12
2026-06-01,Kolkata,electrician,20
2026-06-02,Kolkata,electrician,22
2026-06-03,Kolkata,electrician,26
2026-06-04,Kolkata,electrician,20
2026-06-05,Kolkata,electrician,22
2026-06-06,Kolkata,electrician,14
2026-06-07,Kolkata,electrician,11
2026-06-08,Kolkata,electrician,23
2026-06-09,Kolkata,electrician,23
2026-06-10,Kolkata,electrician,24
2026-06-11,Kolkata,electrician,25
2026-06-12,Kolkata,electrician,20
2026-06-13,Kolkata,electrician,15
2026-06-14,Kolkata,electrician,11
2026-06-15,Kolkata,electrician,21
2026-06-16,Kolkata,electrician,21
2026-06-17,Kolkata,electrician,23
2026-06-18,Kolkata,electrician,23
2026-06-19,Kolkata,electrician,18
2026-06-20,Kolkata,electrician,18
2026-06-21,Kolkata,electrician,10
2026-06-22,Kolkata,electrician,17
2026-06-23,Kolkata,electrician,24
2026-06-24,Kolkata,electrician,25
2026-06-25,Kolkata,electrician,23
2026-06-26,Kolkata,electrician,22
2026-06-27,Kolkata,electrician,14
2026-06-28,Kolkata,electrician,10
2026-06-29,Kolkata,electrician,21
2026-06-30,Kolkata,electrician,20
2026-07-01,Kolkata,electrician,25
2026-07-02,Kolkata,electrician,21
2026-07-03,Kolkata,electrician,18
2026-07-04,Kolkata,electrician,14
2026-07-05,Kolkata,electrician,12
2026-07-06,Kolkata,electrician,19
2026-07-07,Kolkata,electrician,19
2026-07-08,Kolkata,electrician,23
2026-07-09,Kolkata,electrician,22
2026-07-10,Kolkata,electrician,19
2026-07-11,Kolkata,electrician,14
2026-07-12,Kolkata,electrician,12
2026-07-13,Kolkata,electrician,17
2026-07-14,Kolkata,electrician,18
2026-07-15,Kolkata,electrician,21
2026-07-16,Kolkata,electrician,21
2026-07-17,Kolkata,electrician,21
2026-07-18,Kolkata,electrician,17
2026-07-19,Kolkata,electrician,12
2026-07-20,Kolkata,electrician,20
2026-07-21,Kolkata,electrician,22
2026-07-22,Kolkata,electrician,20
2026-07-23,Kolkata,electrician,22
2026-07-24,Kolkata,electrician,20
2026-07-25,Kolkata,electrician,15
2026-07-26,Kolkata,electrician,10
2026-07-27,Kolkata,electrician,22
2026-07-28,Kolkata,electrician,26
2026-07-29,Kolkata,electrician,22
2026-07-30,Kolkata,electrician,23
2026-07-31,Kolkata,electrician,22
2026-08-01,Kolkata,electrician,14
2026-08-02,Kolkata,electrician,12
2026-08-03,Kolkata,electrician,21
2026-08-04,Kolkata,electrician,22
2026-08-05,Kolkata,electrician,21
2026-08-06,Kolkata,electrician,22
2026-08-07,Kolkata,electrician,22
2026-08-08,Kolkata,electrician,17
2026-08-09,Kolkata,electrician,13
2026-08-10,Kolkata,electrician,26
2026-08-11,Kolkata,electrician,20
2026-08-12,Kolkata,electrician,25
2026-08-13,Kolkata,electrician,22
2026-08-14,Kolkata,electrician,26
2026-08-15,Kolkata,electrician,13
2026-08-16,Kolkata,electrician,10
2026-08-17,Kolkata,electrician,19
2026-08-18,Kolkata,electrician,16
2026-08-19,Kolkata,electrician,21
2026-08-20,Kolkata,electrician,20
2026-08-21,Kolkata,electrician,21
2026-08-22,Kolkata,electrician,15
2026-08-23,Kolkata,electrician,14
2026-08-24,Kolkata,electrician,23
2026-08-25,Kolkata,electrician,20
2026-08-26,Kolkata,electrician,20
2026-08-27,Kolkata,electrician,23
2026-08-28,Kolkata,electrician,18
2025-08-01,Kolkata,plumber,22
2025-08-02,Kolkata,plumber,14
2025-08-03,Kolkata,plumber,9
2025-08-04,Kolkata,plumber,14
2025-08-05,Kolkata,plumber,22
2025-08-06,Kolkata,plumber,20
2025-08-07,Kolkata,plumber,22
2025-08-08,Kolkata,plumber,15
2025-08-09,Kolkata,plumber,12
2025-08-10,Kolkata,plumber,10
2025-08-11,Kolkata,plumber,18
2025-08-12,Kolkata,plumber,18
2025-08-13,Kolkata,plumber,21
2025-08-14,Kolkata,plumber,17
2025-08-15,Kolkata,plumber,18
2025-08-16,Kolkata,plumber,13
2025-08-17,Kolkata,plumber,11
2025-08-18,Kolkata,plumber,20
2025-08-19,Kolkata,plumber,16
2025-08-20,Kolkata,plumber,16
2025-08-21,Kolkata,plumber,22
2025-08-22,Kolkata,plumber,19
2025-08-23,Kolkata,plumber,12
2025-08-24,Kolkata,plumber,12
2025-08-25,Kolkata,plumber,18
2025-08-26,Kolkata,plumber,22
2025-08-27,Kolkata,plumber,20
2025-08-28,Kolkata,plumber,24
2025-08-29,Kolkata,plumber,22
2025-08-30,Kolkata,plumber,12
2025-08-31,Kolkata,plumber,11
2025-09-01,Kolkata,plumber,13
2025-09-02,Kolkata,plumber,15
2025-09-03,Kolkata,plumber,12
2025-09-04,Kolkata,plumber,14
2025-09-05,Kolkata,plumber,14
2025-09-06,Kolkata,plumber,7
2025-09-07,Kolkata,plumber,6
2025-09-08,Kolkata,plumber,9
2025-09-09,Kolkata,plumber,12
2025-09-10,Kolkata,plumber,15
2025-09-11,Kolkata,plumber,15
2025-09-12,Kolkata,plumber,12
2025-09-13,Kolkata,plumber,10
2025-09-14,Kolkata,plumber,5
2025-09-15,Kolkata,plumber,10
2025-09-16,Kolkata,plumber,13
2025-09-17,Kolkata,plumber,14
2025-09-18,Kolkata,plumber,13
2025-09-19,Kolkata,plumber,9
2025-09-20,Kolkata,plumber,8
2025-09-21,Kolkata,plumber,5
2025-09-22,Kolkata,plumber,13
2025-09-23,Kolkata,plumber,13
2025-09-24,Kolkata,plumber,12
2025-09-25,Kolkata,plumber,12
2025-09-26,Kolkata,plumber,11
2025-09-27,Kolkata,plumber,9
2025-09-28,Kolkata,plumber,8
2025-09-29,Kolkata,plumber,11
2025-09-30,Kolkata,plumber,14
2025-10-01,Kolkata,plumber,17
2025-10-02,Kolkata,plumber,16
2025-10-03,Kolkata,plumber,16
2025-10-04,Kolkata,plumber,10
2025-10-05,Kolkata,plumber,9
2025-10-06,Kolkata,plumber,14
2025-10-07,Kolkata,plumber,22
2025-10-08,Kolkata,plumber,18
2025-10-09,Kolkata,plumber,16
2025-10-10,Kolkata,plumber,17
2025-10-11,Kolkata,plumber,12
2025-10-12,Kolkata,plumber,9
2025-10-13,Kolkata,plumber,18
2025-10-14,Kolkata,plumber,19
2025-10-15,Kolkata,plumber,17
2025-10-16,Kolkata,plumber,16
2025-10-17,Kolkata,plumber,16
2025-10-18,Kolkata,plumber,8
2025-10-19,Kolkata,plumber,8
2025-10-20,Kolkata,plumber,19
2025-10-21,Kolkata,plumber,21
2025-10-22,Kolkata,plumber,18
2025-10-23,Kolkata,plumber,19
2025-10-24,Kolkata,plumber,17
2025-10-25,Kolkata,plumber,16
2025-10-26,Kolkata,plumber,10
2025-10-27,Kolkata,plumber,17
2025-10-28,Kolkata,plumber,16
2025-10-29,Kolkata,plumber,15
2025-10-30,Kolkata,plumber,18
2025-10-31,Kolkata,plumber,15
2025-11-01,Kolkata,plumber,10
2025-11-02,Kolkata,plumber,9
2025-11-03,Kolkata,plumber,15
2025-11-04,Kolkata,plumber,21
2025-11-05,Kolkata,plumber,20
2025-11-06,Kolkata,plumber,18
2025-11-07,Kolkata,plumber,20
2025-11-08,Kolkata,plumber,12
2025-11-09,Kolkata,plumber,8
2025-11-10,Kolkata,plumber,20
2025-11-11,Kolkata,plumber,19
2025-11-12,Kolkata,plumber,16
2025-11-13,Kolkata,plumber,17
2025-11-14,Kolkata,plumber,15
2025-11-15,Kolkata,plumber,10
2025-11-16,Kolkata,plumber,10
2025-11-17,Kolkata,plumber,21
2025-11-18,Kolkata,plumber,15
2025-11-19,Kolkata,plumber,20
2025-11-20,Kolkata,plumber,16
2025-11-21,Kolkata,plumber,16
2025-11-22,Kolkata,plumber,11
2025-11-23,Kolkata,plumber,8
2025-11-24,Kolkata,plumber,17
2025-11-25,Kolkata,plumber,16
2025-11-26,Kolkata,plumber,19
2025-11-27,Kolkata,plumber,18
2025-11-28,Kolkata,plumber,16
2025-11-29,Kolkata,plumber,11
2025-11-30,Kolkata,plumber,9
2025-12-01,Kolkata,plumber,12
2025-12-02,Kolkata,plumber,13
2025-12-03,Kolkata,plumber,11
2025-12-04,Kolkata,plumber,12
2025-12-05,Kolkata,plumber,12
2025-12-06,Kolkata,plumber,6
2025-12-07,Kolkata,plumber,7
2025-12-08,Kolkata,plumber,10
2025-12-09,Kolkata,plumber,13
2025-12-10,Kolkata,plumber,11
2025-12-11,Kolkata,plumber,9
2025-12-12,Kolkata,plumber,9
2025-12-13,Kolkata,plumber,8
2025-12-14,Kolkata,plumber,7
2025-12-15,Kolkata,plumber,10
2025-12-16,Kolkata,plumber,13
2025-12-17,Kolkata,plumber,10
2025-12-18,Kolkata,plumber,12
2025-12-19,Kolkata,plumber,10
2025-12-20,Kolkata,plumber,7
2025-12-21,Kolkata,plumber,6
2025-12-22,Kolkata,plumber,10
2025-12-23,Kolkata,plumber,11
2025-12-24,Kolkata,plumber,14
2025-12-25,Kolkata,plumber,11
2025-12-26,Kolkata,plumber,13
2025-12-27,Kolkata,plumber,7
2025-12-28,Kolkata,plumber,7
2025-12-29,Kolkata,plumber,13
2025-12-30,Kolkata,plumber,8
2025-12-31,Kolkata,plumber,11
2026-01-01,Kolkata,plumber,13
2026-01-02,Kolkata,plumber,11
2026-01-03,Kolkata,plumber,8
2026-01-04,Kolkata,plumber,6
2026-01-05,Kolkata,plumber,12
2026-01-06,Kolkata,plumber,12
2026-01-07,Kolkata,plumber,14
2026-01-08,Kolkata,plumber,12
2026-01-09,Kolkata,plumber,12
2026-01-10,Kolkata,plumber,8
2026-01-11,Kolkata,plumber,6
2026-01-12,Kolkata,plumber,11
2026-01-13,Kolkata,plumber,13
2026-01-14,Kolkata,plumber,12
2026-01-15,Kolkata,plumber,13
2026-01-16,Kolkata,plumber,14
2026-01-17,Kolkata,plumber,9
2026-01-18,Kolkata,plumber,6
2026-01-19,Kolkata,plumber,13
2026-01-20,Kolkata,plumber,12
2026-01-21,Kolkata,plumber,10
2026-01-22,Kolkata,plumber,11
2026-01-23,Kolkata,plumber,9
2026-01-24,Kolkata,plumber,8
2026-01-25,Kolkata,plumber,6
2026-01-26,Kolkata,plumber,14
2026-01-27,Kolkata,plumber,13
2026-01-28,Kolkata,plumber,12
2026-01-29,Kolkata,plumber,13
2026-01-30,Kolkata,plumber,9
2026-01-31,Kolkata,plumber,8
2026-02-01,Kolkata,plumber,7
2026-02-02,Kolkata,plumber,10
2026-02-03,Kolkata,plumber,14
2026-02-04,Kolkata,plumber,13
2026-02-05,Kolkata,plumber,12
2026-02-06,Kolkata,plumber,12
2026-02-07,Kolkata,plumber,10
2026-02-08,Kolkata,plumber,7
2026-02-09,Kolkata,plumber,12
2026-02-10,Kolkata,plumber,12
2026-02-11,Kolkata,plumber,11
2026-02-12,Kolkata,plumber,13
2026-02-13,Kolkata,plumber,10
2026-02-14,Kolkata,plumber,8
2026-02-15,Kolkata,plumber,6
2026-02-16,Kolkata,plumber,12
2026-02-17,Kolkata,plumber,13
2026-02-18,Kolkata,plumber,14
2026-02-19,Kolkata,plumber,12
2026-02-20,Kolkata,plumber,11
2026-02-21,Kolkata,plumber,7
2026-02-22,Kolkata,plumber,6
2026-02-23,Kolkata,plumber,12
2026-02-24,Kolkata,plumber,13
2026-02-25,Kolkata,plumber,11
2026-02-26,Kolkata,plumber,14
2026-02-27,Kolkata,plumber,14
2026-02-28,Kolkata,plumber,9
2026-03-01,Kolkata,plumber,9
2026-03-02,Kolkata,plumber,12
2026-03-03,Kolkata,plumber,12
2026-03-04,Kolkata,plumber,11
2026-03-05,Kolkata,plumber,16
2026-03-06,Kolkata,plumber,14
2026-03-07,Kolkata,plumber,9
2026-03-08,Kolkata,plumber,7
2026-03-09,Kolkata,plumber,11
2026-03-10,Kolkata,plumber,18
2026-03-11,Kolkata,plumber,15
2026-03-12,Kolkata,plumber,14
2026-03-13,Kolkata,plumber,14
2026-03-14,Kolkata,plumber,10
2026-03-15,Kolkata,plumber,7
2026-03-16,Kolkata,plumber,12
2026-03-17,Kolkata,plumber,15
2026-03-18,Kolkata,plumber,18
2026-03-19,Kolkata,plumber,16
2026-03-20,Kolkata,plumber,16
2026-03-21,Kolkata,plumber,9
2026-03-22,Kolkata,plumber,6
2026-03-23,Kolkata,plumber,13
2026-03-24,Kolkata,plumber,14
2026-03-25,Kolkata,plumber,16
2026-03-26,Kolkata,plumber,11
2026-03-27,Kolkata,plumber,16
2026-03-28,Kolkata,plumber,9
2026-03-29,Kolkata,plumber,7
2026-03-30,Kolkata,plumber,12
2026-03-31,Kolkata,plumber,11
2026-04-01,Kolkata,plumber,18
2026-04-02,Kolkata,plumber,15
2026-04-03,Kolkata,plumber,12
2026-04-04,Kolkata,plumber,9
2026-04-05,Kolkata,plumber,8
2026-04-06,Kolkata,plumber,17
2026-04-07,Kolkata,plumber,15
2026-04-08,Kolkata,plumber,13
2026-04-09,Kolkata,plumber,15
2026-04-10,Kolkata,plumber,14
2026-04-11,Kolkata,plumber,7
2026-04-12,Kolkata,plumber,8
2026-04-13,Kolkata,plumber,14
2026-04-14,Kolkata,plumber,17
2026-04-15,Kolkata,plumber,20
2026-04-16,Kolkata,plumber,17
2026-04-17,Kolkata,plumber,14
2026-04-18,Kolkata,plumber,9
2026-04-19,Kolkata,plumber,11
2026-04-20,Kolkata,plumber,15
2026-04-21,Kolkata,plumber,15
2026-04-22,Kolkata,plumber,16
2026-04-23,Kolkata,plumber,16
2026-04-24,Kolkata,plumber,14
2026-04-25,Kolkata,plumber,10
2026-04-26,Kolkata,plumber,7
2026-04-27,Kolkata,plumber,15
2026-04-28,Kolkata,plumber,14
2026-04-29,Kolkata,plumber,15
2026-04-30,Kolkata,plumber,16
2026-05-01,Kolkata,plumber,14
2026-05-02,Kolkata,plumber,12
2026-05-03,Kolkata,plumber,5
2026-05-04,Kolkata,plumber,17
2026-05-05,Kolkata,plumber,18
2026-05-06,Kolkata,plumber,12
2026-05-07,Kolkata,plumber,15
2026-05-08,Kolkata,plumber,14
2026-05-09,Kolkata,plumber,9
2026-05-10,Kolkata,plumber,7
2026-05-11,Kolkata,plumber,13
2026-05-12,Kolkata,plumber,19
2026-05-13,Kolkata,plumber,18
2026-05-14,Kolkata,plumber,18
2026-05-15,Kolkata,plumber,16
2026-05-16,Kolkata,plumber,9
2026-05-17,Kolkata,plumber,8
2026-05-18,Kolkata,plumber,16
2026-05-19,Kolkata,plumber,13
2026-05-20,Kolkata,plumber,18
2026-05-21,Kolkata,plumber,15
2026-05-22,Kolkata,plumber,14
2026-05-23,Kolkata,plumber,11
2026-05-24,Kolkata,plumber,9
2026-05-25,Kolkata,plumber,14
2026-05-26,Kolkata,plumber,18
2026-05-27,Kolkata,plumber,14
2026-05-28,Kolkata,plumber,17
2026-05-29,Kolkata,plumber,16
2026-05-30,Kolkata,plumber,10
2026-05-31,Kolkata,plumber,8
2026-06-01,Kolkata,plumber,17
2026-06-02,Kolkata,plumber,24
2026-06-03,Kolkata,plumber,22
2026-06-04,Kolkata,plumber,20
2026-06-05,Kolkata,plumber,23
2026-06-06,Kolkata,plumber,13
2026-06-07,Kolkata,plumber,9
2026-06-08,Kolkata,plumber,16
2026-06-09,Kolkata,plumber,23
2026-06-10,Kolkata,plumber,19
2026-06-11,Kolkata,plumber,26
2026-06-12,Kolkata,plumber,15
2026-06-13,Kolkata,plumber,17
2026-06-14,Kolkata,plumber,11
2026-06-15,Kolkata,plumber,20
2026-06-16,Kolkata,plumber,20
2026-06-17,Kolkata,plumber,23
2026-06-18,Kolkata,plumber,21
2026-06-19,Kolkata,plumber,23
2026-06-20,Kolkata,plumber,14
2026-06-21,Kolkata,plumber,11
2026-06-22,Kolkata,plumber,19
2026-06-23,Kolkata,plumber,21
2026-06-24,Kolkata,plumber,23
2026-06-25,Kolkata,plumber,17
2026-06-26,Kolkata,plumber,17
2026-06-27,Kolkata,plumber,16
2026-06-28,Kolkata,plumber,11
2026-06-29,Kolkata,plumber,20
2026-06-30,Kolkata,plumber,21
2026-07-01,Kolkata,plumber,23
2026-07-02,Kolkata,plumber,20
2026-07-03,Kolkata,plumber,19
2026-07-04,Kolkata,plumber,15
2026-07-05,Kolkata,plumber,10
2026-07-06,Kolkata,plumber,21
2026-07-07,Kolkata,plumber,17
2026-07-08,Kolkata,plumber,25
2026-07-09,Kolkata,plumber,23
2026-07-10,Kolkata,plumber,21
2026-07-11,Kolkata,plumber,16
2026-07-12,Kolkata,plumber,14
2026-07-13,Kolkata,plumber,23
2026-07-14,Kolkata,plumber,17
2026-07-15,Kolkata,plumber,19
2026-07-16,Kolkata,plumber,20
2026-07-17,Kolkata,plumber,21
2026-07-18,Kolkata,plumber,15
2026-07-19,Kolkata,plumber,10
2026-07-20,Kolkata,plumber,21
2026-07-21,Kolkata,plumber,20
2026-07-22,Kolkata,plumber,21
2026-07-23,Kolkata,plumber,18
2026-07-24,Kolkata,plumber,18
2026-07-25,Kolkata,plumber,12
2026-07-26,Kolkata,plumber,10
2026-07-27,Kolkata,plumber,23
2026-07-28,Kolkata,plumber,19
2026-07-29,Kolkata,plumber,30
2026-07-30,Kolkata,plumber,23
2026-07-31,Kolkata,plumber,21
2026-08-01,Kolkata,plumber,13
2026-08-02,Kolkata,plumber,12
2026-08-03,Kolkata,plumber,19
2026-08-04,Kolkata,plumber,22
2026-08-05,Kolkata,plumber,30
2026-08-06,Kolkata,plumber,21
2026-08-07,Kolkata,plumber,24
2026-08-08,Kolkata,plumber,13
2026-08-09,Kolkata,plumber,11
2026-08-10,Kolkata,plumber,25
2026-08-11,Kolkata,plumber,20
2026-08-12,Kolkata,plumber,28
2026-08-13,Kolkata,plumber,24
2026-08-14,Kolkata,plumber,19
2026-08-15,Kolkata,plumber,16
2026-08-16,Kolkata,plumber,13
2026-08-17,Kolkata,plumber,22
2026-08-18,Kolkata,plumber,18
2026-08-19,Kolkata,plumber,21
2026-08-20,Kolkata,plumber,21
2026-08-21,Kolkata,plumber,21
2026-08-22,Kolkata,plumber,16
2026-08-23,Kolkata,plumber,12
2026-08-24,Kolkata,plumber,17
2026-08-25,Kolkata,plumber,23
2026-08-26,Kolkata,plumber,25
2026-08-27,Kolkata,plumber,23
2026-08-28,Kolkata,plumber,24
2025-08-01,Kolkata,cleaner,16
2025-08-02,Kolkata,cleaner,11
2025-08-03,Kolkata,cleaner,8
2025-08-04,Kolkata,cleaner,12
2025-08-05,Kolkata,cleaner,16
2025-08-06,Kolkata,cleaner,16
2025-08-07,Kolkata,cleaner,16
2025-08-08,Kolkata,cleaner,12
2025-08-09,Kolkata,cleaner,9
2025-08-10,Kolkata,cleaner,9
2025-08-11,Kolkata,cleaner,14
2025-08-12,Kolkata,cleaner,16
2025-08-13,Kolkata,cleaner,16
2025-08-14,Kolkata,cleaner,15
2025-08-15,Kolkata,cleaner,16
2025-08-16,Kolkata,cleaner,10
2025-08-17,Kolkata,cleaner,8
2025-08-18,Kolkata,cleaner,14
2025-08-19,Kolkata,cleaner,14
2025-08-20,Kolkata,cleaner,15
2025-08-21,Kolkata,cleaner,16
2025-08-22,Kolkata,cleaner,14
2025-08-23,Kolkata,cleaner,12
2025-08-24,Kolkata,cleaner,7
2025-08-25,Kolkata,cleaner,14
2025-08-26,Kolkata,cleaner,14
2025-08-27,Kolkata,cleaner,19
2025-08-28,Kolkata,cleaner,16
2025-08-29,Kolkata,cleaner,16
2025-08-30,Kolkata,cleaner,8
2025-08-31,Kolkata,cleaner,8
2025-09-01,Kolkata,cleaner,20
2025-09-02,Kolkata,cleaner,19
2025-09-03,Kolkata,cleaner,23
2025-09-04,Kolkata,cleaner,18
2025-09-05,Kolkata,cleaner,21
2025-09-06,Kolkata,cleaner,16
2025-09-07,Kolkata,cleaner,10
2025-09-08,Kolkata,cleaner,17
2025-09-09,Kolkata,cleaner,23
2025-09-10,Kolkata,cleaner,24
2025-09-11,Kolkata,cleaner,18
2025-09-12,Kolkata,cleaner,17
2025-09-13,Kolkata,cleaner,12
2025-09-14,Kolkata,cleaner,8
2025-09-15,Kolkata,cleaner,16
2025-09-16,Kolkata,cleaner,17
2025-09-17,Kolkata,cleaner,18
2025-09-18,Kolkata,cleaner,19
2025-09-19,Kolkata,cleaner,19
2025-09-20,Kolkata,cleaner,15
2025-09-21,Kolkata,cleaner,9
2025-09-22,Kolkata,cleaner,21
2025-09-23,Kolkata,cleaner,19
2025-09-24,Kolkata,cleaner,20
2025-09-25,Kolkata,cleaner,21
2025-09-26,Kolkata,cleaner,16
2025-09-27,Kolkata,cleaner,13
2025-09-28,Kolkata,cleaner,10
2025-09-29,Kolkata,cleaner,20
2025-09-30,Kolkata,cleaner,20
2025-10-01,Kolkata,cleaner,35
2025-10-02,Kolkata,cleaner,24
2025-10-03,Kolkata,cleaner,23
2025-10-04,Kolkata,cleaner,16
2025-10-05,Kolkata,cleaner,13
2025-10-06,Kolkata,cleaner,23
2025-10-07,Kolkata,cleaner,30
2025-10-08,Kolkata,cleaner,32
2025-10-09,Kolkata,cleaner,24
2025-10-10,Kolkata,cleaner,22
2025-10-11,Kolkata,cleaner,18
2025-10-12,Kolkata,cleaner,13
2025-10-13,Kolkata,cleaner,27
2025-10-14,Kolkata,cleaner,27
2025-10-15,Kolkata,cleaner,23
2025-10-16,Kolkata,cleaner,31
2025-10-17,Kolkata,cleaner,30
2025-10-18,Kolkata,cleaner,16
2025-10-19,Kolkata,cleaner,13
2025-10-20,Kolkata,cleaner,26
2025-10-21,Kolkata,cleaner,27
2025-10-22,Kolkata,cleaner,30
2025-10-23,Kolkata,cleaner,33
2025-10-24,Kolkata,cleaner,25
2025-10-25,Kolkata,cleaner,16
2025-10-26,Kolkata,cleaner,12
2025-10-27,Kolkata,cleaner,23
2025-10-28,Kolkata,cleaner,26
2025-10-29,Kolkata,cleaner,34
2025-10-30,Kolkata,cleaner,25
2025-10-31,Kolkata,cleaner,26
2025-11-01,Kolkata,cleaner,18
2025-11-02,Kolkata,cleaner,16
2025-11-03,Kolkata,cleaner,33
2025-11-04,Kolkata,cleaner,25
2025-11-05,Kolkata,cleaner,26
2025-11-06,Kolkata,cleaner,30
2025-11-07,Kolkata,cleaner,27
2025-11-08,Kolkata,cleaner,22
2025-11-09,Kolkata,cleaner,15
2025-11-10,Kolkata,cleaner,24
2025-11-11,Kolkata,cleaner,28
2025-11-12,Kolkata,cleaner,32
2025-11-13,Kolkata,cleaner,29
2025-11-14,Kolkata,cleaner,27
2025-11-15,Kolkata,cleaner,20
2025-11-16,Kolkata,cleaner,16
2025-11-17,Kolkata,cleaner,30
2025-11-18,Kolkata,cleaner,29
2025-11-19,Kolkata,cleaner,27
2025-11-20,Kolkata,cleaner,27
2025-11-21,Kolkata,cleaner,29
2025-11-22,Kolkata,cleaner,16
2025-11-23,Kolkata,cleaner,15
2025-11-24,Kolkata,cleaner,24
2025-11-25,Kolkata,cleaner,27
2025-11-26,Kolkata,cleaner,32
2025-11-27,Kolkata,cleaner,27
2025-11-28,Kolkata,cleaner,26
2025-11-29,Kolkata,cleaner,15
2025-11-30,Kolkata,cleaner,15
2025-12-01,Kolkata,cleaner,18
2025-12-02,Kolkata,cleaner,22
2025-12-03,Kolkata,cleaner,18
2025-12-04,Kolkata,cleaner,18
2025-12-05,Kolkata,cleaner,18
2025-12-06,Kolkata,cleaner,14
2025-12-07,Kolkata,cleaner,9
2025-12-08,Kolkata,cleaner,18
2025-12-09,Kolkata,cleaner,19
2025-12-10,Kolkata,cleaner,19
2025-12-11,Kolkata,cleaner,17
2025-12-12,Kolkata,cleaner,17
2025-12-13,Kolkata,cleaner,13
2025-12-14,Kolkata,cleaner,8
2025-12-15,Kolkata,cleaner,17
2025-12-16,Kolkata,cleaner,16
2025-12-17,Kolkata,cleaner,22
2025-12-18,Kolkata,cleaner,15
2025-12-19,Kolkata,cleaner,16
2025-12-20,Kolkata,cleaner,13
2025-12-21,Kolkata,cleaner,11
2025-12-22,Kolkata,cleaner,17
2025-12-23,Kolkata,cleaner,17
2025-12-24,Kolkata,cleaner,23
2025-12-25,Kolkata,cleaner,15
2025-12-26,Kolkata,cleaner,13
2025-12-27,Kolkata,cleaner,13
2025-12-28,Kolkata,cleaner,9
2025-12-29,Kolkata,cleaner,15
2025-12-30,Kolkata,cleaner,20
2025-12-31,Kolkata,cleaner,19
2026-01-01,Kolkata,cleaner,17
2026-01-02,Kolkata,cleaner,15
2026-01-03,Kolkata,cleaner,13
2026-01-04,Kolkata,cleaner,10
2026-01-05,Kolkata,cleaner,17
2026-01-06,Kolkata,cleaner,22
2026-01-07,Kolkata,cleaner,17
2026-01-08,Kolkata,cleaner,15
2026-01-09,Kolkata,cleaner,16
2026-01-10,Kolkata,cleaner,12
2026-01-11,Kolkata,cleaner,10
2026-01-12,Kolkata,cleaner,17
2026-01-13,Kolkata,cleaner,19
2026-01-14,Kolkata,cleaner,16
2026-01-15,Kolkata,cleaner,21
2026-01-16,Kolkata,cleaner,17
2026-01-17,Kolkata,cleaner,14
2026-01-18,Kolkata,cleaner,10
2026-01-19,Kolkata,cleaner,18
2026-01-20,Kolkata,cleaner,19
2026-01-21,Kolkata,cleaner,20
2026-01-22,Kolkata,cleaner,20
2026-01-23,Kolkata,cleaner,20
2026-01-24,Kolkata,cleaner,12
2026-01-25,Kolkata,cleaner,10
2026-01-26,Kolkata,cleaner,17
2026-01-27,Kolkata,cleaner,21
2026-01-28,Kolkata,cleaner,18
2026-01-29,Kolkata,cleaner,22
2026-01-30,Kolkata,cleaner,17
2026-01-31,Kolkata,cleaner,10
2026-02-01,Kolkata,cleaner,10
2026-02-02,Kolkata,cleaner,16
2026-02-03,Kolkata,cleaner,20
2026-02-04,Kolkata,cleaner,18
2026-02-05,Kolkata,cleaner,17
2026-02-06,Kolkata,cleaner,13
2026-02-07,Kolkata,cleaner,12
2026-02-08,Kolkata,cleaner,7
2026-02-09,Kolkata,cleaner,14
2026-02-10,Kolkata,cleaner,20
2026-02-11,Kolkata,cleaner,21
2026-02-12,Kolkata,cleaner,19
2026-02-13,Kolkata,cleaner,15
2026-02-14,Kolkata,cleaner,12
2026-02-15,Kolkata,cleaner,10
2026-02-16,Kolkata,cleaner,15
2026-02-17,Kolkata,cleaner,22
2026-02-18,Kolkata,cleaner,21
2026-02-19,Kolkata,cleaner,18
2026-02-20,Kolkata,cleaner,18
2026-02-21,Kolkata,cleaner,13
2026-02-22,Kolkata,cleaner,7
2026-02-23,Kolkata,cleaner,17
2026-02-24,Kolkata,cleaner,17
2026-02-25,Kolkata,cleaner,17
2026-02-26,Kolkata,cleaner,18
2026-02-27,Kolkata,cleaner,21
2026-02-28,Kolkata,cleaner,13
2026-03-01,Kolkata,cleaner,10
2026-03-02,Kolkata,cleaner,21
2026-03-03,Kolkata,cleaner,24
2026-03-04,Kolkata,cleaner,24
2026-03-05,Kolkata,cleaner,21
2026-03-06,Kolkata,cleaner,18
2026-03-07,Kolkata,cleaner,15
2026-03-08,Kolkata,cleaner,11
2026-03-09,Kolkata,cleaner,22
2026-03-10,Kolkata,cleaner,22
2026-03-11,Kolkata,cleaner,24
2026-03-12,Kolkata,cleaner,19
2026-03-13,Kolkata,cleaner,23
2026-03-14,Kolkata,cleaner,14
2026-03-15,Kolkata,cleaner,13
2026-03-16,Kolkata,cleaner,18
2026-03-17,Kolkata,cleaner,25
2026-03-18,Kolkata,cleaner,22
2026-03-19,Kolkata,cleaner,19
2026-03-20,Kolkata,cleaner,19
2026-03-21,Kolkata,cleaner,13
2026-03-22,Kolkata,cleaner,11
2026-03-23,Kolkata,cleaner,21
2026-03-24,Kolkata,cleaner,19
2026-03-25,Kolkata,cleaner,22
2026-03-26,Kolkata,cleaner,26
2026-03-27,Kolkata,cleaner,24
2026-03-28,Kolkata,cleaner,15
2026-03-29,Kolkata,cleaner,11
2026-03-30,Kolkata,cleaner,20
2026-03-31,Kolkata,cleaner,22
2026-04-01,Kolkata,cleaner,21
2026-04-02,Kolkata,cleaner,22
2026-04-03,Kolkata,cleaner,17
2026-04-04,Kolkata,cleaner,16
2026-04-05,Kolkata,cleaner,13
2026-04-06,Kolkata,cleaner,21
2026-04-07,Kolkata,cleaner,27
2026-04-08,Kolkata,cleaner,20
2026-04-09,Kolkata,cleaner,19
2026-04-10,Kolkata,cleaner,22
2026-04-11,Kolkata,cleaner,17
2026-04-12,Kolkata,cleaner,14
2026-04-13,Kolkata,cleaner,21
2026-04-14,Kolkata,cleaner,26
2026-04-15,Kolkata,cleaner,24
2026-04-16,Kolkata,cleaner,22
2026-04-17,Kolkata,cleaner,24
2026-04-18,Kolkata,cleaner,16
2026-04-19,Kolkata,cleaner,10
2026-04-20,Kolkata,cleaner,26
2026-04-21,Kolkata,cleaner,27
2026-04-22,Kolkata,cleaner,22
2026-04-23,Kolkata,cleaner,24
2026-04-24,Kolkata,cleaner,23
2026-04-25,Kolkata,cleaner,16
2026-04-26,Kolkata,cleaner,11
2026-04-27,Kolkata,cleaner,20
2026-04-28,Kolkata,cleaner,23
2026-04-29,Kolkata,cleaner,28
2026-04-30,Kolkata,cleaner,25
2026-05-01,Kolkata,cleaner,21
2026-05-02,Kolkata,cleaner,17
2026-05-03,Kolkata,cleaner,8
2026-05-04,Kolkata,cleaner,25
2026-05-05,Kolkata,cleaner,18
2026-05-06,Kolkata,cleaner,23
2026-05-07,Kolkata,cleaner,20
2026-05-08,Kolkata,cleaner,19
2026-05-09,Kolkata,cleaner,18
2026-05-10,Kolkata,cleaner,11
2026-05-11,Kolkata,cleaner,23
2026-05-12,Kolkata,cleaner,23
2026-05-13,Kolkata,cleaner,26
2026-05-14,Kolkata,cleaner,23
2026-05-15,Kolkata,cleaner,19
2026-05-16,Kolkata,cleaner,17
2026-05-17,Kolkata,cleaner,11
2026-05-18,Kolkata,cleaner,18
2026-05-19,Kolkata,cleaner,22
2026-05-20,Kolkata,cleaner,29
2026-05-21,Kolkata,cleaner,26
2026-05-22,Kolkata,cleaner,21
2026-05-23,Kolkata,cleaner,15
2026-05-24,Kolkata,cleaner,12
2026-05-25,Kolkata,cleaner,28
2026-05-26,Kolkata,cleaner,24
2026-05-27,Kolkata,cleaner,26
2026-05-28,Kolkata,cleaner,26
2026-05-29,Kolkata,cleaner,23
2026-05-30,Kolkata,cleaner,15
2026-05-31,Kolkata,cleaner,12
2026-06-01,Kolkata,cleaner,16
2026-06-02,Kolkata,cleaner,17
2026-06-03,Kolkata,cleaner,19
2026-06-04,Kolkata,cleaner,17
2026-06-05,Kolkata,cleaner,18
2026-06-06,Kolkata,cleaner,11
2026-06-07,Kolkata,cleaner,9
2026-06-08,Kolkata,cleaner,12
2026-06-09,Kolkata,cleaner,19
2026-06-10,Kolkata,cleaner,19
2026-06-11,Kolkata,cleaner,19
2026-06-12,Kolkata,cleaner,11
2026-06-13,Kolkata,cleaner,14
2026-06-14,Kolkata,cleaner,9
2026-06-15,Kolkata,cleaner,18
2026-06-16,Kolkata,cleaner,15
2026-06-17,Kolkata,cleaner,19
2026-06-18,Kolkata,cleaner,15
2026-06-19,Kolkata,cleaner,15
2026-06-20,Kolkata,cleaner,14
2026-06-21,Kolkata,cleaner,9
2026-06-22,Kolkata,cleaner,17
2026-06-23,Kolkata,cleaner,19
2026-06-24,Kolkata,cleaner,19
2026-06-25,Kolkata,cleaner,17
2026-06-26,Kolkata,cleaner,17
2026-06-27,Kolkata,cleaner,15
2026-06-28,Kolkata,cleaner,9
2026-06-29,Kolkata,cleaner,17
2026-06-30,Kolkata,cleaner,19
2026-07-01,Kolkata,cleaner,20
2026-07-02,Kolkata,cleaner,20
2026-07-03,Kolkata,cleaner,18
2026-07-04,Kolkata,cleaner,10
2026-07-05,Kolkata,cleaner,11
2026-07-06,Kolkata,cleaner,14
2026-07-07,Kolkata,cleaner,18
2026-07-08,Kolkata,cleaner,16
2026-07-09,Kolkata,cleaner,17
2026-07-10,Kolkata,cleaner,17
2026-07-11,Kolkata,cleaner,12
2026-07-12,Kolkata,cleaner,9
2026-07-13,Kolkata,cleaner,20
2026-07-14,Kolkata,cleaner,18
2026-07-15,Kolkata,cleaner,18
2026-07-16,Kolkata,cleaner,19
2026-07-17,Kolkata,cleaner,19
2026-07-18,Kolkata,cleaner,10
2026-07-19,Kolkata,cleaner,10
2026-07-20,Kolkata,cleaner,18
2026-07-21,Kolkata,cleaner,17
2026-07-22,Kolkata,cleaner,21
2026-07-23,Kolkata,cleaner,17
2026-07-24,Kolkata,cleaner,17
2026-07-25,Kolkata,cleaner,11
2026-07-26,Kolkata,cleaner,9
2026-07-27,Kolkata,cleaner,14
2026-07-28,Kolkata,cleaner,14
2026-07-29,Kolkata,cleaner,22
2026-07-30,Kolkata,cleaner,16
2026-07-31,Kolkata,cleaner,15
2026-08-01,Kolkata,cleaner,9
2026-08-02,Kolkata,cleaner,8
2026-08-03,Kolkata,cleaner,14
2026-08-04,Kolkata,cleaner,21
2026-08-05,Kolkata,cleaner,20
2026-08-06,Kolkata,cleaner,16
2026-08-07,Kolkata,cleaner,21
2026-08-08,Kolkata,cleaner,13
2026-08-09,Kolkata,cleaner,9
2026-08-10,Kolkata,cleaner,12
2026-08-11,Kolkata,cleaner,22
2026-08-12,Kolkata,cleaner,15
2026-08-13,Kolkata,cleaner,14
2026-08-14,Kolkata,cleaner,19
2026-08-15,Kolkata,cleaner,15
2026-08-16,Kolkata,cleaner,11
2026-08-17,Kolkata,cleaner,18
2026-08-18,Kolkata,cleaner,19
2026-08-19,Kolkata,cleaner,20
2026-08-20,Kolkata,cleaner,19
2026-08-21,Kolkata,cleaner,17
2026-08-22,Kolkata,cleaner,12
2026-08-23,Kolkata,cleaner,9
2026-08-24,Kolkata,cleaner,15
2026-08-25,Kolkata,cleaner,17
2026-08-26,Kolkata,cleaner,15
2026-08-27,Kolkata,cleaner,17
2026-08-28,Kolkata,cleaner,15
2025-08-01,Kolkata,carpenter,5
2025-08-02,Kolkata,carpenter,5
2025-08-03,Kolkata,carpenter,5
2025-08-04,Kolkata,carpenter,7
2025-08-05,Kolkata,carpenter,5
2025-08-06,Kolkata,carpenter,6
2025-08-07,Kolkata,carpenter,8
2025-08-08,Kolkata,carpenter,5
2025-08-09,Kolkata,carpenter,4
2025-08-10,Kolkata,carpenter,4
2025-08-11,Kolkata,carpenter,5
2025-08-12,Kolkata,carpenter,7
2025-08-13,Kolkata,carpenter,6
2025-08-14,Kolkata,carpenter,6
2025-08-15,Kolkata,carpenter,7
2025-08-16,Kolkata,carpenter,3
2025-08-17,Kolkata,carpenter,4
2025-08-18,Kolkata,carpenter,6
2025-08-19,Kolkata,carpenter,7
2025-08-20,Kolkata,carpenter,7
2025-08-21,Kolkata,carpenter,8
2025-08-22,Kolkata,carpenter,7
2025-08-23,Kolkata,carpenter,4
2025-08-24,Kolkata,carpenter,4
2025-08-25,Kolkata,carpenter,7
2025-08-26,Kolkata,carpenter,7
2025-08-27,Kolkata,carpenter,7
2025-08-28,Kolkata,carpenter,6
2025-08-29,Kolkata,carpenter,6
2025-08-30,Kolkata,carpenter,3
2025-08-31,Kolkata,carpenter,5
2025-09-01,Kolkata,carpenter,7
2025-09-02,Kolkata,carpenter,8
2025-09-03,Kolkata,carpenter,8
2025-09-04,Kolkata,carpenter,9
2025-09-05,Kolkata,carpenter,8
2025-09-06,Kolkata,carpenter,7
2025-09-07,Kolkata,carpenter,4
2025-09-08,Kolkata,carpenter,8
2025-09-09,Kolkata,carpenter,8
2025-09-10,Kolkata,carpenter,11
2025-09-11,Kolkata,carpenter,7
2025-09-12,Kolkata,carpenter,8
2025-09-13,Kolkata,carpenter,6
2025-09-14,Kolkata,carpenter,5
2025-09-15,Kolkata,carpenter,8
2025-09-16,Kolkata,carpenter,8
2025-09-17,Kolkata,carpenter,9
2025-09-18,Kolkata,carpenter,8
2025-09-19,Kolkata,carpenter,9
2025-09-20,Kolkata,carpenter,8
2025-09-21,Kolkata,carpenter,4
2025-09-22,Kolkata,carpenter,7
2025-09-23,Kolkata,carpenter,8
2025-09-24,Kolkata,carpenter,12
2025-09-25,Kolkata,carpenter,8
2025-09-26,Kolkata,carpenter,10
2025-09-27,Kolkata,carpenter,7
2025-09-28,Kolkata,carpenter,4
2025-09-29,Kolkata,carpenter,9
2025-09-30,Kolkata,carpenter,10
2025-10-01,Kolkata,carpenter,12
2025-10-02,Kolkata,carpenter,11
2025-10-03,Kolkata,carpenter,10
2025-10-04,Kolkata,carpenter,7
2025-10-05,Kolkata,carpenter,5
2025-10-06,Kolkata,carpenter,9
2025-10-07,Kolkata,carpenter,12
2025-10-08,Kolkata,carpenter,11
2025-10-09,Kolkata,carpenter,12
2025-10-10,Kolkata,carpenter,9
2025-10-11,Kolkata,carpenter,8
2025-10-12,Kolkata,carpenter,7
2025-10-13,Kolkata,carpenter,8
2025-10-14,Kolkata,carpenter,12
2025-10-15,Kolkata,carpenter,14
2025-10-16,Kolkata,carpenter,10
2025-10-17,Kolkata,carpenter,13
2025-10-18,Kolkata,carpenter,8
2025-10-19,Kolkata,carpenter,5
2025-10-20,Kolkata,carpenter,11
2025-10-21,Kolkata,carpenter,12
2025-10-22,Kolkata,carpenter,12
2025-10-23,Kolkata,carpenter,12
2025-10-24,Kolkata,carpenter,10
2025-10-25,Kolkata,carpenter,8
2025-10-26,Kolkata,carpenter,5
2025-10-27,Kolkata,carpenter,11
2025-10-28,Kolkata,carpenter,10
2025-10-29,Kolkata,carpenter,11
2025-10-30,Kolkata,carpenter,13
2025-10-31,Kolkata,carpenter,13
2025-11-01,Kolkata,carpenter,8
2025-11-02,Kolkata,carpenter,5
2025-11-03,Kolkata,carpenter,11
2025-11-04,Kolkata,carpenter,13
2025-11-05,Kolkata,carpenter,13
2025-11-06,Kolkata,carpenter,15
2025-11-07,Kolkata,carpenter,12
2025-11-08,Kolkata,carpenter,8
2025-11-09,Kolkata,carpenter,6
2025-11-10,Kolkata,carpenter,11
2025-11-11,Kolkata,carpenter,12
2025-11-12,Kolkata,carpenter,13
2025-11-13,Kolkata,carpenter,13
2025-11-14,Kolkata,carpenter,10
2025-11-15,Kolkata,carpenter,7
2025-11-16,Kolkata,carpenter,4
2025-11-17,Kolkata,carpenter,12
2025-11-18,Kolkata,carpenter,10
2025-11-19,Kolkata,carpenter,9
2025-11-20,Kolkata,carpenter,12
2025-11-21,Kolkata,carpenter,15
2025-11-22,Kolkata,carpenter,8
2025-11-23,Kolkata,carpenter,7
2025-11-24,Kolkata,carpenter,11
2025-11-25,Kolkata,carpenter,12
2025-11-26,Kolkata,carpenter,14
2025-11-27,Kolkata,carpenter,11
2025-11-28,Kolkata,carpenter,12
2025-11-29,Kolkata,carpenter,8
2025-11-30,Kolkata,carpenter,6
2025-12-01,Kolkata,carpenter,9
2025-12-02,Kolkata,carpenter,8
2025-12-03,Kolkata,carpenter,8
2025-12-04,Kolkata,carpenter,8
2025-12-05,Kolkata,carpenter,7
2025-12-06,Kolkata,carpenter,5
2025-12-07,Kolkata,carpenter,4
2025-12-08,Kolkata,carpenter,9
2025-12-09,Kolkata,carpenter,8
2025-12-10,Kolkata,carpenter,8
2025-12-11,Kolkata,carpenter,9
2025-12-12,Kolkata,carpenter,9
2025-12-13,Kolkata,carpenter,6
2025-12-14,Kolkata,carpenter,4
2025-12-15,Kolkata,carpenter,6
2025-12-16,Kolkata,carpenter,7
2025-12-17,Kolkata,carpenter,8
2025-12-18,Kolkata,carpenter,7
2025-12-19,Kolkata,carpenter,7
2025-12-20,Kolkata,carpenter,5
2025-12-21,Kolkata,carpenter,5
2025-12-22,Kolkata,carpenter,8
2025-12-23,Kolkata,carpenter,8
2025-12-24,Kolkata,carpenter,8
2025-12-25,Kolkata,carpenter,6
2025-12-26,Kolkata,carpenter,7
2025-12-27,Kolkata,carpenter,5
2025-12-28,Kolkata,carpenter,3
2025-12-29,Kolkata,carpenter,8
2025-12-30,Kolkata,carpenter,10
2025-12-31,Kolkata,carpenter,10
2026-01-01,Kolkata,carpenter,8
2026-01-02,Kolkata,carpenter,9
2026-01-03,Kolkata,carpenter,6
2026-01-04,Kolkata,carpenter,4
2026-01-05,Kolkata,carpenter,7
2026-01-06,Kolkata,carpenter,8
2026-01-07,Kolkata,carpenter,8
2026-01-08,Kolkata,carpenter,8
2026-01-09,Kolkata,carpenter,8
2026-01-10,Kolkata,carpenter,5
2026-01-11,Kolkata,carpenter,5
2026-01-12,Kolkata,carpenter,9
2026-01-13,Kolkata,carpenter,9
2026-01-14,Kolkata,carpenter,7
2026-01-15,Kolkata,carpenter,6
2026-01-16,Kolkata,carpenter,9
2026-01-17,Kolkata,carpenter,4
2026-01-18,Kolkata,carpenter,4
2026-01-19,Kolkata,carpenter,7
2026-01-20,Kolkata,carpenter,6
2026-01-21,Kolkata,carpenter,9
2026-01-22,Kolkata,carpenter,9
2026-01-23,Kolkata,carpenter,7
2026-01-24,Kolkata,carpenter,3
2026-01-25,Kolkata,carpenter,4
2026-01-26,Kolkata,carpenter,8
2026-01-27,Kolkata,carpenter,7
2026-01-28,Kolkata,carpenter,9
2026-01-29,Kolkata,carpenter,8
2026-01-30,Kolkata,carpenter,8
2026-01-31,Kolkata,carpenter,6
2026-02-01,Kolkata,carpenter,3
2026-02-02,Kolkata,carpenter,9
2026-02-03,Kolkata,carpenter,8
2026-02-04,Kolkata,carpenter,8
2026-02-05,Kolkata,carpenter,7
2026-02-06,Kolkata,carpenter,7
2026-02-07,Kolkata,carpenter,5
2026-02-08,Kolkata,carpenter,4
2026-02-09,Kolkata,carpenter,9
2026-02-10,Kolkata,carpenter,7
2026-02-11,Kolkata,carpenter,7
2026-02-12,Kolkata,carpenter,10
2026-02-13,Kolkata,carpenter,8
2026-02-14,Kolkata,carpenter,5
2026-02-15,Kolkata,carpenter,5
2026-02-16,Kolkata,carpenter,7
2026-02-17,Kolkata,carpenter,10
2026-02-18,Kolkata,carpenter,9
2026-02-19,Kolkata,carpenter,8
2026-02-20,Kolkata,carpenter,10
2026-02-21,Kolkata,carpenter,5
2026-02-22,Kolkata,carpenter,5
2026-02-23,Kolkata,carpenter,8
2026-02-24,Kolkata,carpenter,9
2026-02-25,Kolkata,carpenter,10
2026-02-26,Kolkata,carpenter,8
2026-02-27,Kolkata,carpenter,7
2026-02-28,Kolkata,carpenter,6
2026-03-01,Kolkata,carpenter,4
2026-03-02,Kolkata,carpenter,11
2026-03-03,Kolkata,carpenter,9
2026-03-04,Kolkata,carpenter,9
2026-03-05,Kolkata,carpenter,9
2026-03-06,Kolkata,carpenter,7
2026-03-07,Kolkata,carpenter,5
2026-03-08,Kolkata,carpenter,6
2026-03-09,Kolkata,carpenter,8
2026-03-10,Kolkata,carpenter,8
2026-03-11,Kolkata,carpenter,10
2026-03-12,Kolkata,carpenter,10
2026-03-13,Kolkata,carpenter,9
2026-03-14,Kolkata,carpenter,7
2026-03-15,Kolkata,carpenter,4
2026-03-16,Kolkata,carpenter,7
2026-03-17,Kolkata,carpenter,11
2026-03-18,Kolkata,carpenter,9
2026-03-19,Kolkata,carpenter,9
2026-03-20,Kolkata,carpenter,10
2026-03-21,Kolkata,carpenter,7
2026-03-22,Kolkata,carpenter,5
2026-03-23,Kolkata,carpenter,11
2026-03-24,Kolkata,carpenter,8
2026-03-25,Kolkata,carpenter,11
2026-03-26,Kolkata,carpenter,9
2026-03-27,Kolkata,carpenter,9
2026-03-28,Kolkata,carpenter,8
2026-03-29,Kolkata,carpenter,5
2026-03-30,Kolkata,carpenter,9
2026-03-31,Kolkata,carpenter,10
2026-04-01,Kolkata,carpenter,12
2026-04-02,Kolkata,carpenter,10
2026-04-03,Kolkata,carpenter,10
2026-04-04,Kolkata,carpenter,6
2026-04-05,Kolkata,carpenter,8
2026-04-06,Kolkata,carpenter,10
2026-04-07,Kolkata,carpenter,11
2026-04-08,Kolkata,carpenter,12
2026-04-09,Kolkata,carpenter,12
2026-04-10,Kolkata,carpenter,12
2026-04-11,Kolkata,carpenter,9
2026-04-12,Kolkata,carpenter,5
2026-04-13,Kolkata,carpenter,11
2026-04-14,Kolkata,carpenter,12
2026-04-15,Kolkata,carpenter,12
2026-04-16,Kolkata,carpenter,14
2026-04-17,Kolkata,carpenter,12
2026-04-18,Kolkata,carpenter,8
2026-04-19,Kolkata,carpenter,7
2026-04-20,Kolkata,carpenter,13
2026-04-21,Kolkata,carpenter,12
2026-04-22,Kolkata,carpenter,10
2026-04-23,Kolkata,carpenter,12
2026-04-24,Kolkata,carpenter,10
2026-04-25,Kolkata,carpenter,7
2026-04-26,Kolkata,carpenter,7
2026-04-27,Kolkata,carpenter,13
2026-04-28,Kolkata,carpenter,12
2026-04-29,Kolkata,carpenter,13
2026-04-30,Kolkata,carpenter,14
2026-05-01,Kolkata,carpenter,11
2026-05-02,Kolkata,carpenter,10
2026-05-03,Kolkata,carpenter,7
2026-05-04,Kolkata,carpenter,9
2026-05-05,Kolkata,carpenter,13
2026-05-06,Kolkata,carpenter,13
2026-05-07,Kolkata,carpenter,13
2026-05-08,Kolkata,carpenter,12
2026-05-09,Kolkata,carpenter,8
2026-05-10,Kolkata,carpenter,5
2026-05-11,Kolkata,carpenter,11
2026-05-12,Kolkata,carpenter,10
2026-05-13,Kolkata,carpenter,11
2026-05-14,Kolkata,carpenter,13
2026-05-15,Kolkata,carpenter,13
2026-05-16,Kolkata,carpenter,8
2026-05-17,Kolkata,carpenter,5
2026-05-18,Kolkata,carpenter,12
2026-05-19,Kolkata,carpenter,13
2026-05-20,Kolkata,carpenter,11
2026-05-21,Kolkata,carpenter,12
2026-05-22,Kolkata,carpenter,11
2026-05-23,Kolkata,carpenter,7
2026-05-24,Kolkata,carpenter,7
2026-05-25,Kolkata,carpenter,11
2026-05-26,Kolkata,carpenter,12
2026-05-27,Kolkata,carpenter,11
2026-05-28,Kolkata,carpenter,11
2026-05-29,Kolkata,carpenter,12
2026-05-30,Kolkata,carpenter,7
2026-05-31,Kolkata,carpenter,8
2026-06-01,Kolkata,carpenter,7
2026-06-02,Kolkata,carpenter,8
2026-06-03,Kolkata,carpenter,9
2026-06-04,Kolkata,carpenter,6
2026-06-05,Kolkata,carpenter,5
2026-06-06,Kolkata,carpenter,4
2026-06-07,Kolkata,carpenter,5
2026-06-08,Kolkata,carpenter,7
2026-06-09,Kolkata,carpenter,10
2026-06-10,Kolkata,carpenter,7
2026-06-11,Kolkata,carpenter,8
2026-06-12,Kolkata,carpenter,9
2026-06-13,Kolkata,carpenter,7
2026-06-14,Kolkata,carpenter,6
2026-06-15,Kolkata,carpenter,8
2026-06-16,Kolkata,carpenter,9
2026-06-17,Kolkata,carpenter,9
2026-06-18,Kolkata,carpenter,8
2026-06-19,Kolkata,carpenter,7
2026-06-20,Kolkata,carpenter,4
2026-06-21,Kolkata,carpenter,4
2026-06-22,Kolkata,carpenter,7
2026-06-23,Kolkata,carpenter,7
2026-06-24,Kolkata,carpenter,9
2026-06-25,Kolkata,carpenter,9
2026-06-26,Kolkata,carpenter,7
2026-06-27,Kolkata,carpenter,7
2026-06-28,Kolkata,carpenter,3
2026-06-29,Kolkata,carpenter,7
2026-06-30,Kolkata,carpenter,7
2026-07-01,Kolkata,carpenter,6
2026-07-02,Kolkata,carpenter,8
2026-07-03,Kolkata,carpenter,7
2026-07-04,Kolkata,carpenter,7
2026-07-05,Kolkata,carpenter,5
2026-07-06,Kolkata,carpenter,6
2026-07-07,Kolkata,carpenter,9
2026-07-08,Kolkata,carpenter,9
2026-07-09,Kolkata,carpenter,8
2026-07-10,Kolkata,carpenter,7
2026-07-11,Kolkata,carpenter,4
2026-07-12,Kolkata,carpenter,4
2026-07-13,Kolkata,carpenter,8
2026-07-14,Kolkata,carpenter,10
2026-07-15,Kolkata,carpenter,10
2026-07-16,Kolkata,carpenter,7
2026-07-17,Kolkata,carpenter,6
2026-07-18,Kolkata,carpenter,5
2026-07-19,Kolkata,carpenter,2
2026-07-20,Kolkata,carpenter,8
2026-07-21,Kolkata,carpenter,8
2026-07-22,Kolkata,carpenter,8
2026-07-23,Kolkata,carpenter,6
2026-07-24,Kolkata,carpenter,8
2026-07-25,Kolkata,carpenter,5
2026-07-26,Kolkata,carpenter,3
2026-07-27,Kolkata,carpenter,4
2026-07-28,Kolkata,carpenter,8
2026-07-29,Kolkata,carpenter,10
2026-07-30,Kolkata,carpenter,9
2026-07-31,Kolkata,carpenter,7
2026-08-01,Kolkata,carpenter,5
2026-08-02,Kolkata,carpenter,5
2026-08-03,Kolkata,carpenter,6
2026-08-04,Kolkata,carpenter,8
2026-08-05,Kolkata,carpenter,9
2026-08-06,Kolkata,carpenter,9
2026-08-07,Kolkata,carpenter,7
2026-08-08,Kolkata,carpenter,5
2026-08-09,Kolkata,carpenter,3
2026-08-10,Kolkata,carpenter,7
2026-08-11,Kolkata,carpenter,8
2026-08-12,Kolkata,carpenter,8
2026-08-13,Kolkata,carpenter,9
2026-08-14,Kolkata,carpenter,7
2026-08-15,Kolkata,carpenter,7
2026-08-16,Kolkata,carpenter,4
2026-08-17,Kolkata,carpenter,7
2026-08-18,Kolkata,carpenter,7
2026-08-19,Kolkata,carpenter,6
2026-08-20,Kolkata,carpenter,9
2026-08-21,Kolkata,carpenter,8
2026-08-22,Kolkata,carpenter,5
2026-08-23,Kolkata,carpenter,4
2026-08-24,Kolkata,carpenter,8
2026-08-25,Kolkata,carpenter,6
2026-08-26,Kolkata,carpenter,8
2026-08-27,Kolkata,carpenter,9
2026-08-28,Kolkata,carpenter,6
2025-08-01,Kolkata,painter,5
2025-08-02,Kolkata,painter,2
2025-08-03,Kolkata,painter,3
2025-08-04,Kolkata,painter,5
2025-08-05,Kolkata,painter,3
2025-08-06,Kolkata,painter,6
2025-08-07,Kolkata,painter,4
2025-08-08,Kolkata,painter,4
2025-08-09,Kolkata,painter,4
2025-08-10,Kolkata,painter,4
2025-08-11,Kolkata,painter,4
2025-08-12,Kolkata,painter,5
2025-08-13,Kolkata,painter,6
2025-08-14,Kolkata,painter,6
2025-08-15,Kolkata,painter,5
2025-08-16,Kolkata,painter,3
2025-08-17,Kolkata,painter,2
2025-08-18,Kolkata,painter,5
2025-08-19,Kolkata,painter,4
2025-08-20,Kolkata,painter,2
2025-08-21,Kolkata,painter,6
2025-08-22,Kolkata,painter,6
2025-08-23,Kolkata,painter,1
2025-08-24,Kolkata,painter,2
2025-08-25,Kolkata,painter,5
2025-08-26,Kolkata,painter,7
2025-08-27,Kolkata,painter,5
2025-08-28,Kolkata,painter,4
2025-08-29,Kolkata,painter,5
2025-08-30,Kolkata,painter,5
2025-08-31,Kolkata,painter,2
2025-09-01,Kolkata,painter,5
2025-09-02,Kolkata,painter,6
2025-09-03,Kolkata,painter,6
2025-09-04,Kolkata,painter,7
2025-09-05,Kolkata,painter,8
2025-09-06,Kolkata,painter,5
2025-09-07,Kolkata,painter,3
2025-09-08,Kolkata,painter,6
2025-09-09,Kolkata,painter,5
2025-09-10,Kolkata,painter,8
2025-09-11,Kolkata,painter,6
2025-09-12,Kolkata,painter,6
2025-09-13,Kolkata,painter,7
2025-09-14,Kolkata,painter,4
2025-09-15,Kolkata,painter,5
2025-09-16,Kolkata,painter,6
2025-09-17,Kolkata,painter,8
2025-09-18,Kolkata,painter,7
2025-09-19,Kolkata,painter,5
2025-09-20,Kolkata,painter,5
2025-09-21,Kolkata,painter,3
2025-09-22,Kolkata,painter,8
2025-09-23,Kolkata,painter,8
2025-09-24,Kolkata,painter,6
2025-09-25,Kolkata,painter,8
2025-09-26,Kolkata,painter,6
2025-09-27,Kolkata,painter,5
2025-09-28,Kolkata,painter,4
2025-09-29,Kolkata,painter,5
2025-09-30,Kolkata,painter,6
2025-10-01,Kolkata,painter,10
2025-10-02,Kolkata,painter,8
2025-10-03,Kolkata,painter,8
2025-10-04,Kolkata,painter,5
2025-10-05,Kolkata,painter,5
2025-10-06,Kolkata,painter,10
2025-10-07,Kolkata,painter,8
2025-10-08,Kolkata,painter,9
2025-10-09,Kolkata,painter,10
2025-10-10,Kolkata,painter,8
2025-10-11,Kolkata,painter,6
2025-10-12,Kolkata,painter,4
2025-10-13,Kolkata,painter,9
2025-10-14,Kolkata,painter,9
2025-10-15,Kolkata,painter,10
2025-10-16,Kolkata,painter,10
2025-10-17,Kolkata,painter,11
2025-10-18,Kolkata,painter,6
2025-10-19,Kolkata,painter,5
2025-10-20,Kolkata,painter,9
2025-10-21,Kolkata,painter,8
2025-10-22,Kolkata,painter,10
2025-10-23,Kolkata,painter,8
2025-10-24,Kolkata,painter,9
2025-10-25,Kolkata,painter,7
2025-10-26,Kolkata,painter,4
2025-10-27,Kolkata,painter,10
2025-10-28,Kolkata,painter,10
2025-10-29,Kolkata,painter,9
2025-10-30,Kolkata,painter,7
2025-10-31,Kolkata,painter,8
2025-11-01,Kolkata,painter,7
2025-11-02,Kolkata,painter,5
2025-11-03,Kolkata,painter,7
2025-11-04,Kolkata,painter,8
2025-11-05,Kolkata,painter,10
2025-11-06,Kolkata,painter,9
2025-11-07,Kolkata,painter,8
2025-11-08,Kolkata,painter,6
2025-11-09,Kolkata,painter,4
2025-11-10,Kolkata,painter,7
2025-11-11,Kolkata,painter,11
2025-11-12,Kolkata,painter,9
2025-11-13,Kolkata,painter,10
2025-11-14,Kolkata,painter,10
2025-11-15,Kolkata,painter,7
2025-11-16,Kolkata,painter,4
2025-11-17,Kolkata,painter,9
2025-11-18,Kolkata,painter,9
2025-11-19,Kolkata,painter,8
2025-11-20,Kolkata,painter,9
2025-11-21,Kolkata,painter,7
2025-11-22,Kolkata,painter,7
2025-11-23,Kolkata,painter,4
2025-11-24,Kolkata,painter,9
2025-11-25,Kolkata,painter,9
2025-11-26,Kolkata,painter,9
2025-11-27,Kolkata,painter,10
2025-11-28,Kolkata,painter,8
2025-11-29,Kolkata,painter,7
2025-11-30,Kolkata,painter,3
2025-12-01,Kolkata,painter,6
2025-12-02,Kolkata,painter,8
2025-12-03,Kolkata,painter,5
2025-12-04,Kolkata,painter,5
2025-12-05,Kolkata,painter,6
2025-12-06,Kolkata,painter,4
2025-12-07,Kolkata,painter,3
2025-12-08,Kolkata,painter,6
2025-12-09,Kolkata,painter,7
2025-12-10,Kolkata,painter,7
2025-12-11,Kolkata,painter,6
2025-12-12,Kolkata,painter,5
2025-12-13,Kolkata,painter,5
2025-12-14,Kolkata,painter,5
2025-12-15,Kolkata,painter,6
2025-12-16,Kolkata,painter,5
2025-12-17,Kolkata,painter,7
2025-12-18,Kolkata,painter,6
2025-12-19,Kolkata,painter,4
2025-12-20,Kolkata,painter,5
2025-12-21,Kolkata,painter,3
2025-12-22,Kolkata,painter,6
2025-12-23,Kolkata,painter,6
2025-12-24,Kolkata,painter,6
2025-12-25,Kolkata,painter,7
2025-12-26,Kolkata,painter,5
2025-12-27,Kolkata,painter,5
2025-12-28,Kolkata,painter,3
2025-12-29,Kolkata,painter,6
2025-12-30,Kolkata,painter,7
2025-12-31,Kolkata,painter,5
2026-01-01,Kolkata,painter,7
2026-01-02,Kolkata,painter,5
2026-01-03,Kolkata,painter,5
2026-01-04,Kolkata,painter,4
2026-01-05,Kolkata,painter,8
2026-01-06,Kolkata,painter,6
2026-01-07,Kolkata,painter,6
2026-01-08,Kolkata,painter,6
2026-01-09,Kolkata,painter,5
2026-01-10,Kolkata,painter,5
2026-01-11,Kolkata,painter,2
2026-01-12,Kolkata,painter,5
2026-01-13,Kolkata,painter,5
2026-01-14,Kolkata,painter,7
2026-01-15,Kolkata,painter,8
2026-01-16,Kolkata,painter,6
2026-01-17,Kolkata,painter,4
2026-01-18,Kolkata,painter,3
2026-01-19,Kolkata,painter,7
2026-01-20,Kolkata,painter,5
2026-01-21,Kolkata,painter,7
2026-01-22,Kolkata,painter,7
2026-01-23,Kolkata,painter,6
2026-01-24,Kolkata,painter,4
2026-01-25,Kolkata,painter,4
2026-01-26,Kolkata,painter,3
2026-01-27,Kolkata,painter,7
2026-01-28,Kolkata,painter,6
2026-01-29,Kolkata,painter,4
2026-01-30,Kolkata,painter,6
2026-01-31,Kolkata,painter,5
2026-02-01,Kolkata,painter,3
2026-02-02,Kolkata,painter,7
2026-02-03,Kolkata,painter,8
2026-02-04,Kolkata,painter,8
2026-02-05,Kolkata,painter,8
2026-02-06,Kolkata,painter,7
2026-02-07,Kolkata,painter,4
2026-02-08,Kolkata,painter,2
2026-02-09,Kolkata,painter,6
2026-02-10,Kolkata,painter,5
2026-02-11,Kolkata,painter,9
2026-02-12,Kolkata,painter,6
2026-02-13,Kolkata,painter,6
2026-02-14,Kolkata,painter,5
2026-02-15,Kolkata,painter,3
2026-02-16,Kolkata,painter,8
2026-02-17,Kolkata,painter,6
2026-02-18,Kolkata,painter,7
2026-02-19,Kolkata,painter,5
2026-02-20,Kolkata,painter,5
2026-02-21,Kolkata,painter,3
2026-02-22,Kolkata,painter,3
2026-02-23,Kolkata,painter,5
2026-02-24,Kolkata,painter,5
2026-02-25,Kolkata,painter,5
2026-02-26,Kolkata,painter,6
2026-02-27,Kolkata,painter,4
2026-02-28,Kolkata,painter,5
2026-03-01,Kolkata,painter,4
2026-03-02,Kolkata,painter,5
2026-03-03,Kolkata,painter,7
2026-03-04,Kolkata,painter,6
2026-03-05,Kolkata,painter,7
2026-03-06,Kolkata,painter,8
2026-03-07,Kolkata,painter,3
2026-03-08,Kolkata,painter,4
2026-03-09,Kolkata,painter,6
2026-03-10,Kolkata,painter,8
2026-03-11,Kolkata,painter,7
2026-03-12,Kolkata,painter,6
2026-03-13,Kolkata,painter,6
2026-03-14,Kolkata,painter,4
2026-03-15,Kolkata,painter,5
2026-03-16,Kolkata,painter,7
2026-03-17,Kolkata,painter,9
2026-03-18,Kolkata,painter,7
2026-03-19,Kolkata,painter,6
2026-03-20,Kolkata,painter,5
2026-03-21,Kolkata,painter,3
2026-03-22,Kolkata,painter,2
2026-03-23,Kolkata,painter,7
2026-03-24,Kolkata,painter,7
2026-03-25,Kolkata,painter,6
2026-03-26,Kolkata,painter,8
2026-03-27,Kolkata,painter,6
2026-03-28,Kolkata,painter,5
2026-03-29,Kolkata,painter,5
2026-03-30,Kolkata,painter,7
2026-03-31,Kolkata,painter,7
2026-04-01,Kolkata,painter,8
2026-04-02,Kolkata,painter,6
2026-04-03,Kolkata,painter,8
2026-04-04,Kolkata,painter,6
2026-04-05,Kolkata,painter,4
2026-04-06,Kolkata,painter,8
2026-04-07,Kolkata,painter,9
2026-04-08,Kolkata,painter,9
2026-04-09,Kolkata,painter,8
2026-04-10,Kolkata,painter,8
2026-04-11,Kolkata,painter,6
2026-04-12,Kolkata,painter,3
2026-04-13,Kolkata,painter,10
2026-04-14,Kolkata,painter,9
2026-04-15,Kolkata,painter,9
2026-04-16,Kolkata,painter,9
2026-04-17,Kolkata,painter,9
2026-04-18,Kolkata,painter,7
2026-04-19,Kolkata,painter,5
2026-04-20,Kolkata,painter,8
2026-04-21,Kolkata,painter,9
2026-04-22,Kolkata,painter,8
2026-04-23,Kolkata,painter,9
2026-04-24,Kolkata,painter,8
2026-04-25,Kolkata,painter,6
2026-04-26,Kolkata,painter,4
2026-04-27,Kolkata,painter,6
2026-04-28,Kolkata,painter,8
2026-04-29,Kolkata,painter,9
2026-04-30,Kolkata,painter,9
2026-05-01,Kolkata,painter,7
2026-05-02,Kolkata,painter,7
2026-05-03,Kolkata,painter,4
2026-05-04,Kolkata,painter,9
2026-05-05,Kolkata,painter,9
2026-05-06,Kolkata,painter,8
2026-05-07,Kolkata,painter,11
2026-05-08,Kolkata,painter,7
2026-05-09,Kolkata,painter,7
2026-05-10,Kolkata,painter,6
2026-05-11,Kolkata,painter,8
2026-05-12,Kolkata,painter,10
2026-05-13,Kolkata,painter,9
2026-05-14,Kolkata,painter,9
2026-05-15,Kolkata,painter,9
2026-05-16,Kolkata,painter,6
2026-05-17,Kolkata,painter,5
2026-05-18,Kolkata,painter,9
2026-05-19,Kolkata,painter,7
2026-05-20,Kolkata,painter,11
2026-05-21,Kolkata,painter,7
2026-05-22,Kolkata,painter,9
2026-05-23,Kolkata,painter,7
2026-05-24,Kolkata,painter,4
2026-05-25,Kolkata,painter,8
2026-05-26,Kolkata,painter,8
2026-05-27,Kolkata,painter,9
2026-05-28,Kolkata,painter,8
2026-05-29,Kolkata,painter,9
2026-05-30,Kolkata,painter,7
2026-05-31,Kolkata,painter,6
2026-06-01,Kolkata,painter,5
2026-06-02,Kolkata,painter,5
2026-06-03,Kolkata,painter,4
2026-06-04,Kolkata,painter,5
2026-06-05,Kolkata,painter,6
2026-06-06,Kolkata,painter,5
2026-06-07,Kolkata,painter,2
2026-06-08,Kolkata,painter,5
2026-06-09,Kolkata,painter,6
2026-06-10,Kolkata,painter,6
2026-06-11,Kolkata,painter,5
2026-06-12,Kolkata,painter,6
2026-06-13,Kolkata,painter,3
2026-06-14,Kolkata,painter,3
2026-06-15,Kolkata,painter,6
2026-06-16,Kolkata,painter,6
2026-06-17,Kolkata,painter,6
2026-06-18,Kolkata,painter,6
2026-06-19,Kolkata,painter,5
2026-06-20,Kolkata,painter,3
2026-06-21,Kolkata,painter,3
2026-06-22,Kolkata,painter,7
2026-06-23,Kolkata,painter,6
2026-06-24,Kolkata,painter,6
2026-06-25,Kolkata,painter,6
2026-06-26,Kolkata,painter,5
2026-06-27,Kolkata,painter,5
2026-06-28,Kolkata,painter,3
2026-06-29,Kolkata,painter,5
2026-06-30,Kolkata,painter,6
2026-07-01,Kolkata,painter,4
2026-07-02,Kolkata,painter,5
2026-07-03,Kolkata,painter,4
2026-07-04,Kolkata,painter,4
2026-07-05,Kolkata,painter,5
2026-07-06,Kolkata,painter,8
2026-07-07,Kolkata,painter,6
2026-07-08,Kolkata,painter,7
2026-07-09,Kolkata,painter,4
2026-07-10,Kolkata,painter,5
2026-07-11,Kolkata,painter,3
2026-07-12,Kolkata,painter,2
2026-07-13,Kolkata,painter,5
2026-07-14,Kolkata,painter,5
2026-07-15,Kolkata,painter,4
2026-07-16,Kolkata,painter,6
2026-07-17,Kolkata,painter,4
2026-07-18,Kolkata,painter,4
2026-07-19,Kolkata,painter,5
2026-07-20,Kolkata,painter,5
2026-07-21,Kolkata,painter,3
2026-07-22,Kolkata,painter,6
2026-07-23,Kolkata,painter,7
2026-07-24,Kolkata,painter,7
2026-07-25,Kolkata,painter,3
2026-07-26,Kolkata,painter,4
2026-07-27,Kolkata,painter,5
2026-07-28,Kolkata,painter,6
2026-07-29,Kolkata,painter,9
2026-07-30,Kolkata,painter,4
2026-07-31,Kolkata,painter,6
2026-08-01,Kolkata,painter,4
2026-08-02,Kolkata,painter,4
2026-08-03,Kolkata,painter,6
2026-08-04,Kolkata,painter,6
2026-08-05,Kolkata,painter,6
2026-08-06,Kolkata,painter,6
2026-08-07,Kolkata,painter,5
2026-08-08,Kolkata,painter,4
2026-08-09,Kolkata,painter,3
2026-08-10,Kolkata,painter,6
2026-08-11,Kolkata,painter,6
2026-08-12,Kolkata,painter,7
2026-08-13,Kolkata,painter,6
2026-08-14,Kolkata,painter,4
2026-08-15,Kolkata,painter,5
2026-08-16,Kolkata,painter,2
2026-08-17,Kolkata,painter,5
2026-08-18,Kolkata,painter,5
2026-08-19,Kolkata,painter,7
2026-08-20,Kolkata,painter,4
2026-08-21,Kolkata,painter,9
2026-08-22,Kolkata,painter,5
2026-08-23,Kolkata,painter,3
2026-08-24,Kolkata,painter,5
2026-08-25,Kolkata,painter,6
2026-08-26,Kolkata,painter,7
2026-08-27,Kolkata,painter,6
2026-08-28,Kolkata,painter,6
2025-08-01,Mumbai,electrician,25
2025-08-02,Mumbai,electrician,17
2025-08-03,Mumbai,electrician,14
2025-08-04,Mumbai,electrician,25
2025-08-05,Mumbai,electrician,30
2025-08-06,Mumbai,electrician,30
2025-08-07,Mumbai,electrician,17
2025-08-08,Mumbai,electrician,27
2025-08-09,Mumbai,electrician,18
2025-08-10,Mumbai,electrician,14
2025-08-11,Mumbai,electrician,24
2025-08-12,Mumbai,electrician,30
2025-08-13,Mumbai,electrician,31
2025-08-14,Mumbai,electrician,24
2025-08-15,Mumbai,electrician,27
2025-08-16,Mumbai,electrician,16
2025-08-17,Mumbai,electrician,12
2025-08-18,Mumbai,electrician,23
2025-08-19,Mumbai,electrician,29
2025-08-20,Mumbai,electrician,31
2025-08-21,Mumbai,electrician,28
2025-08-22,Mumbai,electrician,28
2025-08-23,Mumbai,electrician,19
2025-08-24,Mumbai,electrician,13
2025-08-25,Mumbai,electrician,27
2025-08-26,Mumbai,electrician,29
2025-08-27,Mumbai,electrician,31
2025-08-28,Mumbai,electrician,31
2025-08-29,Mumbai,electrician,28
2025-08-30,Mumbai,electrician,19
2025-08-31,Mumbai,electrician,16
2025-09-01,Mumbai,electrician,21
2025-09-02,Mumbai,electrician,20
2025-09-03,Mumbai,electrician,23
2025-09-04,Mumbai,electrician,20
2025-09-05,Mumbai,electrician,20
2025-09-06,Mumbai,electrician,15
2025-09-07,Mumbai,electrician,11
2025-09-08,Mumbai,electrician,21
2025-09-09,Mumbai,electrician,17
2025-09-10,Mumbai,electrician,24
2025-09-11,Mumbai,electrician,22
2025-09-12,Mumbai,electrician,19
2025-09-13,Mumbai,electrician,16
2025-09-14,Mumbai,electrician,13
2025-09-15,Mumbai,electrician,17
2025-09-16,Mumbai,electrician,20
2025-09-17,Mumbai,electrician,21
2025-09-18,Mumbai,electrician,20
2025-09-19,Mumbai,electrician,24
2025-09-20,Mumbai,electrician,15
2025-09-21,Mumbai,electrician,11
2025-09-22,Mumbai,electrician,16
2025-09-23,Mumbai,electrician,24
2025-09-24,Mumbai,electrician,20
2025-09-25,Mumbai,electrician,23
2025-09-26,Mumbai,electrician,22
2025-09-27,Mumbai,electrician,17
2025-09-28,Mumbai,electrician,10
2025-09-29,Mumbai,electrician,14
2025-09-30,Mumbai,electrician,23
2025-10-01,Mumbai,electrician,39
2025-10-02,Mumbai,electrician,35
2025-10-03,Mumbai,electrician,30
2025-10-04,Mumbai,electrician,19
2025-10-05,Mumbai,electrician,18
2025-10-06,Mumbai,electrician,26
2025-10-07,Mumbai,electrician,32
2025-10-08,Mumbai,electrician,34
2025-10-09,Mumbai,electrician,34
2025-10-10,Mumbai,electrician,39
2025-10-11,Mumbai,electrician,21
2025-10-12,Mumbai,electrician,15
2025-10-13,Mumbai,electrician,29
2025-10-14,Mumbai,electrician,24
2025-10-15,Mumbai,electrician,29
2025-10-16,Mumbai,electrician,29
2025-10-17,Mumbai,electrician,27
2025-10-18,Mumbai,electrician,21
2025-10-19,Mumbai,electrician,14
2025-10-20,Mumbai,electrician,33
2025-10-21,Mumbai,electrician,31
2025-10-22,Mumbai,electrician,32
2025-10-23,Mumbai,electrician,30
2025-10-24,Mumbai,electrician,30
2025-10-25,Mumbai,electrician,23
2025-10-26,Mumbai,electrician,14
2025-10-27,Mumbai,electrician,27
2025-10-28,Mumbai,electrician,30
2025-10-29,Mumbai,electrician,27
2025-10-30,Mumbai,electrician,28
2025-10-31,Mumbai,electrician,28
2025-11-01,Mumbai,electrician,23
2025-11-02,Mumbai,electrician,17
2025-11-03,Mumbai,electrician,30
2025-11-04,Mumbai,electrician,34
2025-11-05,Mumbai,electrician,32
2025-11-06,Mumbai,electrician,32
2025-11-07,Mumbai,electrician,29
2025-11-08,Mumbai,electrician,21
2025-11-09,Mumbai,electrician,15
2025-11-10,Mumbai,electrician,21
2025-11-11,Mumbai,electrician,30
2025-11-12,Mumbai,electrician,38
2025-11-13,Mumbai,electrician,34
2025-11-14,Mumbai,electrician,33
2025-11-15,Mumbai,electrician,24
2025-11-16,Mumbai,electrician,16
2025-11-17,Mumbai,electrician,30
2025-11-18,Mumbai,electrician,29
2025-11-19,Mumbai,electrician,31
2025-11-20,Mumbai,electrician,33
2025-11-21,Mumbai,electrician,34
2025-11-22,Mumbai,electrician,20
2025-11-23,Mumbai,electrician,15
2025-11-24,Mumbai,electrician,30
2025-11-25,Mumbai,electrician,33
2025-11-26,Mumbai,electrician,27
2025-11-27,Mumbai,electrician,23
2025-11-28,Mumbai,electrician,28
2025-11-29,Mumbai,electrician,18
2025-11-30,Mumbai,electrician,15
2025-12-01,Mumbai,electrician,19
2025-12-02,Mumbai,electrician,20
2025-12-03,Mumbai,electrician,26
2025-12-04,Mumbai,electrician,22
2025-12-05,Mumbai,electrician,21
2025-12-06,Mumbai,electrician,15
2025-12-07,Mumbai,electrician,9
2025-12-08,Mumbai,electrician,22
2025-12-09,Mumbai,electrician,21
2025-12-10,Mumbai,electrician,24
2025-12-11,Mumbai,electrician,18
2025-12-12,Mumbai,electrician,16
2025-12-13,Mumbai,electrician,15
2025-12-14,Mumbai,electrician,11
2025-12-15,Mumbai,electrician,18
2025-12-16,Mumbai,electrician,19
2025-12-17,Mumbai,electrician,25
2025-12-18,Mumbai,electrician,18
2025-12-19,Mumbai,electrician,24
2025-12-20,Mumbai,electrician,12
2025-12-21,Mumbai,electrician,12
2025-12-22,Mumbai,electrician,19
2025-12-23,Mumbai,electrician,23
2025-12-24,Mumbai,electrician,21
2025-12-25,Mumbai,electrician,21
2025-12-26,Mumbai,electrician,20
2025-12-27,Mumbai,electrician,12
2025-12-28,Mumbai,electrician,12
2025-12-29,Mumbai,electrician,19
2025-12-30,Mumbai,electrician,20
2025-12-31,Mumbai,electrician,19
2026-01-01,Mumbai,electrician,15
2026-01-02,Mumbai,electrician,20
2026-01-03,Mumbai,electrician,18
2026-01-04,Mumbai,electrician,12
2026-01-05,Mumbai,electrician,20
2026-01-06,Mumbai,electrician,20
2026-01-07,Mumbai,electrician,22
2026-01-08,Mumbai,electrician,23
2026-01-09,Mumbai,electrician,17
2026-01-10,Mumbai,electrician,16
2026-01-11,Mumbai,electrician,12
2026-01-12,Mumbai,electrician,22
2026-01-13,Mumbai,electrician,22
2026-01-14,Mumbai,electrician,22
2026-01-15,Mumbai,electrician,23
2026-01-16,Mumbai,electrician,22
2026-01-17,Mumbai,electrician,14
2026-01-18,Mumbai,electrician,10
2026-01-19,Mumbai,electrician,20
2026-01-20,Mumbai,electrician,25
2026-01-21,Mumbai,electrician,19
2026-01-22,Mumbai,electrician,17
2026-01-23,Mumbai,electrician,21
2026-01-24,Mumbai,electrician,14
2026-01-25,Mumbai,electrician,11
2026-01-26,Mumbai,electrician,21
2026-01-27,Mumbai,electrician,21
2026-01-28,Mumbai,electrician,26
2026-01-29,Mumbai,electrician,17
2026-01-30,Mumbai,electrician,18
2026-01-31,Mumbai,electrician,14
2026-02-01,Mumbai,electrician,9
2026-02-02,Mumbai,electrician,20
2026-02-03,Mumbai,electrician,26
2026-02-04,Mumbai,electrician,22
2026-02-05,Mumbai,electrician,22
2026-02-06,Mumbai,electrician,17
2026-02-07,Mumbai,electrician,13
2026-02-08,Mumbai,electrician,11
2026-02-09,Mumbai,electrician,20
2026-02-10,Mumbai,electrician,25
2026-02-11,Mumbai,electrician,24
2026-02-12,Mumbai,electrician,19
2026-02-13,Mumbai,electrician,21
2026-02-14,Mumbai,electrician,15
2026-02-15,Mumbai,electrician,13
2026-02-16,Mumbai,electrician,24
2026-02-17,Mumbai,electrician,19
2026-02-18,Mumbai,electrician,20
2026-02-19,Mumbai,electrician,18
2026-02-20,Mumbai,electrician,20
2026-02-21,Mumbai,electrician,15
2026-02-22,Mumbai,electrician,13
2026-02-23,Mumbai,electrician,20
2026-02-24,Mumbai,electrician,21
2026-02-25,Mumbai,electrician,23
2026-02-26,Mumbai,electrician,19
2026-02-27,Mumbai,electrician,26
2026-02-28,Mumbai,electrician,12
2026-03-01,Mumbai,electrician,13
2026-03-02,Mumbai,electrician,28
2026-03-03,Mumbai,electrician,24
2026-03-04,Mumbai,electrician,25
2026-03-05,Mumbai,electrician,23
2026-03-06,Mumbai,electrician,22
2026-03-07,Mumbai,electrician,19
2026-03-08,Mumbai,electrician,9
2026-03-09,Mumbai,electrician,27
2026-03-10,Mumbai,electrician,20
2026-03-11,Mumbai,electrician,24
2026-03-12,Mumbai,electrician,23
2026-03-13,Mumbai,electrician,24
2026-03-14,Mumbai,electrician,13
2026-03-15,Mumbai,electrician,13
2026-03-16,Mumbai,electrician,28
2026-03-17,Mumbai,electrician,20
2026-03-18,Mumbai,electrician,26
2026-03-19,Mumbai,electrician,22
2026-03-20,Mumbai,electrician,24
2026-03-21,Mumbai,electrician,16
2026-03-22,Mumbai,electrician,12
2026-03-23,Mumbai,electrician,24
2026-03-24,Mumbai,electrician,29
2026-03-25,Mumbai,electrician,25
2026-03-26,Mumbai,electrician,26
2026-03-27,Mumbai,electrician,19
2026-03-28,Mumbai,electrician,14
2026-03-29,Mumbai,electrician,13
2026-03-30,Mumbai,electrician,27
2026-03-31,Mumbai,electrician,25
2026-04-01,Mumbai,electrician,30
2026-04-02,Mumbai,electrician,30
2026-04-03,Mumbai,electrician,24
2026-04-04,Mumbai,electrician,22
2026-04-05,Mumbai,electrician,18
2026-04-06,Mumbai,electrician,27
2026-04-07,Mumbai,electrician,29
2026-04-08,Mumbai,electrician,33
2026-04-09,Mumbai,electrician,29
2026-04-10,Mumbai,electrician,29
2026-04-11,Mumbai,electrician,25
2026-04-12,Mumbai,electrician,15
2026-04-13,Mumbai,electrician,28
2026-04-14,Mumbai,electrician,28
2026-04-15,Mumbai,electrician,35
2026-04-16,Mumbai,electrician,30
2026-04-17,Mumbai,electrician,27
2026-04-18,Mumbai,electrician,24
2026-04-19,Mumbai,electrician,19
2026-04-20,Mumbai,electrician,27
2026-04-21,Mumbai,electrician,24
2026-04-22,Mumbai,electrician,36
2026-04-23,Mumbai,electrician,28
2026-04-24,Mumbai,electrician,32
2026-04-25,Mumbai,electrician,16
2026-04-26,Mumbai,electrician,18
2026-04-27,Mumbai,electrician,25
2026-04-28,Mumbai,electrician,33
2026-04-29,Mumbai,electrician,32
2026-04-30,Mumbai,electrician,27
2026-05-01,Mumbai,electrician,28
2026-05-02,Mumbai,electrician,22
2026-05-03,Mumbai,electrician,16
2026-05-04,Mumbai,electrician,31
2026-05-05,Mumbai,electrician,38
2026-05-06,Mumbai,electrician,26
2026-05-07,Mumbai,electrician,37
2026-05-08,Mumbai,electrician,30
2026-05-09,Mumbai,electrician,18
2026-05-10,Mumbai,electrician,14
2026-05-11,Mumbai,electrician,29
2026-05-12,Mumbai,electrician,34
2026-05-13,Mumbai,electrician,32
2026-05-14,Mumbai,electrician,36
2026-05-15,Mumbai,electrician,24
2026-05-16,Mumbai,electrician,20
2026-05-17,Mumbai,electrician,14
2026-05-18,Mumbai,electrician,31
2026-05-19,Mumbai,electrician,34
2026-05-20,Mumbai,electrician,31
2026-05-21,Mumbai,electrician,21
2026-05-22,Mumbai,electrician,30
2026-05-23,Mumbai,electrician,22
2026-05-24,Mumbai,electrician,17
2026-05-25,Mumbai,electrician,34
2026-05-26,Mumbai,electrician,27
2026-05-27,Mumbai,electrician,35
2026-05-28,Mumbai,electrician,35
2026-05-29,Mumbai,electrician,23
2026-05-30,Mumbai,electrician,21
2026-05-31,Mumbai,electrician,15
2026-06-01,Mumbai,electrician,28
2026-06-02,Mumbai,electrician,31
2026-06-03,Mumbai,electrician,29
2026-06-04,Mumbai,electrician,27
2026-06-05,Mumbai,electrician,28
2026-06-06,Mumbai,electrician,17
2026-06-07,Mumbai,electrician,14
2026-06-08,Mumbai,electrician,31
2026-06-09,Mumbai,electrician,26
2026-06-10,Mumbai,electrician,34
2026-06-11,Mumbai,electrician,31
2026-06-12,Mumbai,electrician,22
2026-06-13,Mumbai,electrician,18
2026-06-14,Mumbai,electrician,18
2026-06-15,Mumbai,electrician,25
2026-06-16,Mumbai,electrician,28
2026-06-17,Mumbai,electrician,33
2026-06-18,Mumbai,electrician,33
2026-06-19,Mumbai,electrician,28
2026-06-20,Mumbai,electrician,18
2026-06-21,Mumbai,electrician,18
2026-06-22,Mumbai,electrician,34
2026-06-23,Mumbai,electrician,33
2026-06-24,Mumbai,electrician,32
2026-06-25,Mumbai,electrician,27
2026-06-26,Mumbai,electrician,26
2026-06-27,Mumbai,electrician,21
2026-06-28,Mumbai,electrician,16
2026-06-29,Mumbai,electrician,33
2026-06-30,Mumbai,electrician,32
2026-07-01,Mumbai,electrician,26
2026-07-02,Mumbai,electrician,34
2026-07-03,Mumbai,electrician,25
2026-07-04,Mumbai,electrician,19
2026-07-05,Mumbai,electrician,16
2026-07-06,Mumbai,electrician,35
2026-07-07,Mumbai,electrician,41
2026-07-08,Mumbai,electrician,34
2026-07-09,Mumbai,electrician,29
2026-07-10,Mumbai,electrician,30
2026-07-11,Mumbai,electrician,22
2026-07-12,Mumbai,electrician,15
2026-07-13,Mumbai,electrician,35
2026-07-14,Mumbai,electrician,31
2026-07-15,Mumbai,electrician,33
2026-07-16,Mumbai,electrician,33
2026-07-17,Mumbai,electrician,30
2026-07-18,Mumbai,electrician,22
2026-07-19,Mumbai,electrician,15
2026-07-20,Mumbai,electrician,27
2026-07-21,Mumbai,electrician,26
2026-07-22,Mumbai,electrician,33
2026-07-23,Mumbai,electrician,33
2026-07-24,Mumbai,electrician,30
2026-07-25,Mumbai,electrician,24
2026-07-26,Mumbai,electrician,16
2026-07-27,Mumbai,electrician,31
2026-07-28,Mumbai,electrician,26
2026-07-29,Mumbai,electrician,30
2026-07-30,Mumbai,electrician,33
2026-07-31,Mumbai,electrician,32
2026-08-01,Mumbai,electrician,20
2026-08-02,Mumbai,electrician,16
2026-08-03,Mumbai,electrician,24
2026-08-04,Mumbai,electrician,29
2026-08-05,Mumbai,electrician,35
2026-08-06,Mumbai,electrician,32
2026-08-07,Mumbai,electrician,31
2026-08-08,Mumbai,electrician,20
2026-08-09,Mumbai,electrician,16
2026-08-10,Mumbai,electrician,27
2026-08-11,Mumbai,electrician,33
2026-08-12,Mumbai,electrician,34
2026-08-13,Mumbai,electrician,32
2026-08-14,Mumbai,electrician,27
2026-08-15,Mumbai,electrician,15
2026-08-16,Mumbai,electrician,18
2026-08-17,Mumbai,electrician,27
2026-08-18,Mumbai,electrician,27
2026-08-19,Mumbai,electrician,35
2026-08-20,Mumbai,electrician,29
2026-08-21,Mumbai,electrician,33
2026-08-22,Mumbai,electrician,22
2026-08-23,Mumbai,electrician,17
2026-08-24,Mumbai,electrician,24
2026-08-25,Mumbai,electrician,35
2026-08-26,Mumbai,electrician,33
2026-08-27,Mumbai,electrician,29
2026-08-28,Mumbai,electrician,30
2025-08-01,Mumbai,plumber,20
2025-08-02,Mumbai,plumber,19
2025-08-03,Mumbai,plumber,12
2025-08-04,Mumbai,plumber,21
2025-08-05,Mumbai,plumber,22
2025-08-06,Mumbai,plumber,31
2025-08-07,Mumbai,plumber,25
2025-08-08,Mumbai,plumber,30
2025-08-09,Mumbai,plumber,17
2025-08-10,Mumbai,plumber,11
2025-08-11,Mumbai,plumber,22
2025-08-12,Mumbai,plumber,31
2025-08-13,Mumbai,plumber,27
2025-08-14,Mumbai,plumber,25
2025-08-15,Mumbai,plumber,26
2025-08-16,Mumbai,plumber,19
2025-08-17,Mumbai,plumber,16
2025-08-18,Mumbai,plumber,30
2025-08-19,Mumbai,plumber,25
2025-08-20,Mumbai,plumber,23
2025-08-21,Mumbai,plumber,25
2025-08-22,Mumbai,plumber,26
2025-08-23,Mumbai,plumber,16
2025-08-24,Mumbai,plumber,12
2025-08-25,Mumbai,plumber,26
2025-08-26,Mumbai,plumber,27
2025-08-27,Mumbai,plumber,28
2025-08-28,Mumbai,plumber,24
2025-08-29,Mumbai,plumber,25
2025-08-30,Mumbai,plumber,16
2025-08-31,Mumbai,plumber,16
2025-09-01,Mumbai,plumber,19
2025-09-02,Mumbai,plumber,14
2025-09-03,Mumbai,plumber,17
2025-09-04,Mumbai,plumber,15
2025-09-05,Mumbai,plumber,16
2025-09-06,Mumbai,plumber,12
2025-09-07,Mumbai,plumber,8
2025-09-08,Mumbai,plumber,15
2025-09-09,Mumbai,plumber,16
2025-09-10,Mumbai,plumber,19
2025-09-11,Mumbai,plumber,18
2025-09-12,Mumbai,plumber,16
2025-09-13,Mumbai,plumber,12
2025-09-14,Mumbai,plumber,9
2025-09-15,Mumbai,plumber,17
2025-09-16,Mumbai,plumber,22
2025-09-17,Mumbai,plumber,22
2025-09-18,Mumbai,plumber,15
2025-09-19,Mumbai,plumber,19
2025-09-20,Mumbai,plumber,13
2025-09-21,Mumbai,plumber,8
2025-09-22,Mumbai,plumber,19
2025-09-23,Mumbai,plumber,21
2025-09-24,Mumbai,plumber,16
2025-09-25,Mumbai,plumber,16
2025-09-26,Mumbai,plumber,19
2025-09-27,Mumbai,plumber,12
2025-09-28,Mumbai,plumber,10
2025-09-29,Mumbai,plumber,18
2025-09-30,Mumbai,plumber,19
2025-10-01,Mumbai,plumber,21
2025-10-02,Mumbai,plumber,27
2025-10-03,Mumbai,plumber,27
2025-10-04,Mumbai,plumber,16
2025-10-05,Mumbai,plumber,13
2025-10-06,Mumbai,plumber,19
2025-10-07,Mumbai,plumber,26
2025-10-08,Mumbai,plumber,27
2025-10-09,Mumbai,plumber,24
2025-10-10,Mumbai,plumber,26
2025-10-11,Mumbai,plumber,16
2025-10-12,Mumbai,plumber,14
2025-10-13,Mumbai,plumber,20
2025-10-14,Mumbai,plumber,24
2025-10-15,Mumbai,plumber,25
2025-10-16,Mumbai,plumber,25
2025-10-17,Mumbai,plumber,22
2025-10-18,Mumbai,plumber,16
2025-10-19,Mumbai,plumber,14
2025-10-20,Mumbai,plumber,22
2025-10-21,Mumbai,plumber,20
2025-10-22,Mumbai,plumber,31
2025-10-23,Mumbai,plumber,29
2025-10-24,Mumbai,plumber,20
2025-10-25,Mumbai,plumber,18
2025-10-26,Mumbai,plumber,12
2025-10-27,Mumbai,plumber,24
2025-10-28,Mumbai,plumber,26
2025-10-29,Mumbai,plumber,25
2025-10-30,Mumbai,plumber,22
2025-10-31,Mumbai,plumber,22
2025-11-01,Mumbai,plumber,15
2025-11-02,Mumbai,plumber,12
2025-11-03,Mumbai,plumber,23
2025-11-04,Mumbai,plumber,23
2025-11-05,Mumbai,plumber,28
2025-11-06,Mumbai,plumber,29
2025-11-07,Mumbai,plumber,22
2025-11-08,Mumbai,plumber,17
2025-11-09,Mumbai,plumber,14
2025-11-10,Mumbai,plumber,25
2025-11-11,Mumbai,plumber,25
2025-11-12,Mumbai,plumber,28
2025-11-13,Mumbai,plumber,26
2025-11-14,Mumbai,plumber,20
2025-11-15,Mumbai,plumber,18
2025-11-16,Mumbai,plumber,14
2025-11-17,Mumbai,plumber,21
2025-11-18,Mumbai,plumber,25
2025-11-19,Mumbai,plumber,28
2025-11-20,Mumbai,plumber,24
2025-11-21,Mumbai,plumber,27
2025-11-22,Mumbai,plumber,21
2025-11-23,Mumbai,plumber,12
2025-11-24,Mumbai,plumber,20
2025-11-25,Mumbai,plumber,26
2025-11-26,Mumbai,plumber,28
2025-11-27,Mumbai,plumber,24
2025-11-28,Mumbai,plumber,28
2025-11-29,Mumbai,plumber,14
2025-11-30,Mumbai,plumber,14
2025-12-01,Mumbai,plumber,15
2025-12-02,Mumbai,plumber,20
2025-12-03,Mumbai,plumber,22
2025-12-04,Mumbai,plumber,15
2025-12-05,Mumbai,plumber,15
2025-12-06,Mumbai,plumber,12
2025-12-07,Mumbai,plumber,8
2025-12-08,Mumbai,plumber,16
2025-12-09,Mumbai,plumber,17
2025-12-10,Mumbai,plumber,13
2025-12-11,Mumbai,plumber,17
2025-12-12,Mumbai,plumber,15
2025-12-13,Mumbai,plumber,10
2025-12-14,Mumbai,plumber,10
2025-12-15,Mumbai,plumber,14
2025-12-16,Mumbai,plumber,18
2025-12-17,Mumbai,plumber,17
2025-12-18,Mumbai,plumber,16
2025-12-19,Mumbai,plumber,17
2025-12-20,Mumbai,plumber,12
2025-12-21,Mumbai,plumber,9
2025-12-22,Mumbai,plumber,18
2025-12-23,Mumbai,plumber,16
2025-12-24,Mumbai,plumber,16
2025-12-25,Mumbai,plumber,15
2025-12-26,Mumbai,plumber,14
2025-12-27,Mumbai,plumber,15
2025-12-28,Mumbai,plumber,10
2025-12-29,Mumbai,plumber,13
2025-12-30,Mumbai,plumber,14
2025-12-31,Mumbai,plumber,19
2026-01-01,Mumbai,plumber,18
2026-01-02,Mumbai,plumber,17
2026-01-03,Mumbai,plumber,11
2026-01-04,Mumbai,plumber,9
2026-01-05,Mumbai,plumber,17
2026-01-06,Mumbai,plumber,17
2026-01-07,Mumbai,plumber,13
2026-01-08,Mumbai,plumber,16
2026-01-09,Mumbai,plumber,14
2026-01-10,Mumbai,plumber,12
2026-01-11,Mumbai,plumber,12
2026-01-12,Mumbai,plumber,17
2026-01-13,Mumbai,plumber,16
2026-01-14,Mumbai,plumber,20
2026-01-15,Mumbai,plumber,18
2026-01-16,Mumbai,plumber,17
2026-01-17,Mumbai,plumber,12
2026-01-18,Mumbai,plumber,11
2026-01-19,Mumbai,plumber,14
2026-01-20,Mumbai,plumber,18
2026-01-21,Mumbai,plumber,16
2026-01-22,Mumbai,plumber,18
2026-01-23,Mumbai,plumber,14
2026-01-24,Mumbai,plumber,11
2026-01-25,Mumbai,plumber,9
2026-01-26,Mumbai,plumber,18
2026-01-27,Mumbai,plumber,19
2026-01-28,Mumbai,plumber,15
2026-01-29,Mumbai,plumber,17
2026-01-30,Mumbai,plumber,15
2026-01-31,Mumbai,plumber,10
2026-02-01,Mumbai,plumber,9
2026-02-02,Mumbai,plumber,16
2026-02-03,Mumbai,plumber,22
2026-02-04,Mumbai,plumber,19
2026-02-05,Mumbai,plumber,14
2026-02-06,Mumbai,plumber,15
2026-02-07,Mumbai,plumber,13
2026-02-08,Mumbai,plumber,11
2026-02-09,Mumbai,plumber,13
2026-02-10,Mumbai,plumber,13
2026-02-11,Mumbai,plumber,22
2026-02-12,Mumbai,plumber,18
2026-02-13,Mumbai,plumber,15
2026-02-14,Mumbai,plumber,12
2026-02-15,Mumbai,plumber,6
2026-02-16,Mumbai,plumber,16
2026-02-17,Mumbai,plumber,18
2026-02-18,Mumbai,plumber,20
2026-02-19,Mumbai,plumber,15
2026-02-20,Mumbai,plumber,17
2026-02-21,Mumbai,plumber,10
2026-02-22,Mumbai,plumber,9
2026-02-23,Mumbai,plumber,15
2026-02-24,Mumbai,plumber,16
2026-02-25,Mumbai,plumber,16
2026-02-26,Mumbai,plumber,19
2026-02-27,Mumbai,plumber,18
2026-02-28,Mumbai,plumber,11
2026-03-01,Mumbai,plumber,10
2026-03-02,Mumbai,plumber,15
2026-03-03,Mumbai,plumber,18
2026-03-04,Mumbai,plumber,20
2026-03-05,Mumbai,plumber,25
2026-03-06,Mumbai,plumber,16
2026-03-07,Mumbai,plumber,15
2026-03-08,Mumbai,plumber,11
2026-03-09,Mumbai,plumber,19
2026-03-10,Mumbai,plumber,23
2026-03-11,Mumbai,plumber,21
2026-03-12,Mumbai,plumber,20
2026-03-13,Mumbai,plumber,18
2026-03-14,Mumbai,plumber,15
2026-03-15,Mumbai,plumber,11
2026-03-16,Mumbai,plumber,17
2026-03-17,Mumbai,plumber,16
2026-03-18,Mumbai,plumber,20
2026-03-19,Mumbai,plumber,17
2026-03-20,Mumbai,plumber,18
2026-03-21,Mumbai,plumber,15
2026-03-22,Mumbai,plumber,10
2026-03-23,Mumbai,plumber,18
2026-03-24,Mumbai,plumber,19
2026-03-25,Mumbai,plumber,22
2026-03-26,Mumbai,plumber,14
2026-03-27,Mumbai,plumber,17
2026-03-28,Mumbai,plumber,13
2026-03-29,Mumbai,plumber,12
2026-03-30,Mumbai,plumber,17
2026-03-31,Mumbai,plumber,15
2026-04-01,Mumbai,plumber,24
2026-04-02,Mumbai,plumber,20
2026-04-03,Mumbai,plumber,17
2026-04-04,Mumbai,plumber,13
2026-04-05,Mumbai,plumber,11
2026-04-06,Mumbai,plumber,19
2026-04-07,Mumbai,plumber,16
2026-04-08,Mumbai,plumber,25
2026-04-09,Mumbai,plumber,25
2026-04-10,Mumbai,plumber,22
2026-04-11,Mumbai,plumber,12
2026-04-12,Mumbai,plumber,11
2026-04-13,Mumbai,plumber,20
2026-04-14,Mumbai,plumber,23
2026-04-15,Mumbai,plumber,24
2026-04-16,Mumbai,plumber,20
2026-04-17,Mumbai,plumber,21
2026-04-18,Mumbai,plumber,15
2026-04-19,Mumbai,plumber,13
2026-04-20,Mumbai,plumber,22
2026-04-21,Mumbai,plumber,23
2026-04-22,Mumbai,plumber,23
2026-04-23,Mumbai,plumber,25
2026-04-24,Mumbai,plumber,21
2026-04-25,Mumbai,plumber,13
2026-04-26,Mumbai,plumber,13
2026-04-27,Mumbai,plumber,22
2026-04-28,Mumbai,plumber,20
2026-04-29,Mumbai,plumber,21
2026-04-30,Mumbai,plumber,22
2026-05-01,Mumbai,plumber,22
2026-05-02,Mumbai,plumber,15
2026-05-03,Mumbai,plumber,12
2026-05-04,Mumbai,plumber,25
2026-05-05,Mumbai,plumber,24
2026-05-06,Mumbai,plumber,23
2026-05-07,Mumbai,plumber,24
2026-05-08,Mumbai,plumber,18
2026-05-09,Mumbai,plumber,15
2026-05-10,Mumbai,plumber,14
2026-05-11,Mumbai,plumber,20
2026-05-12,Mumbai,plumber,19
2026-05-13,Mumbai,plumber,21
2026-05-14,Mumbai,plumber,19
2026-05-15,Mumbai,plumber,19
2026-05-16,Mumbai,plumber,14
2026-05-17,Mumbai,plumber,9
2026-05-18,Mumbai,plumber,21
2026-05-19,Mumbai,plumber,24
2026-05-20,Mumbai,plumber,20
2026-05-21,Mumbai,plumber,26
2026-05-22,Mumbai,plumber,22
2026-05-23,Mumbai,plumber,16
2026-05-24,Mumbai,plumber,10
2026-05-25,Mumbai,plumber,23
2026-05-26,Mumbai,plumber,19
2026-05-27,Mumbai,plumber,25
2026-05-28,Mumbai,plumber,22
2026-05-29,Mumbai,plumber,22
2026-05-30,Mumbai,plumber,12
2026-05-31,Mumbai,plumber,10
2026-06-01,Mumbai,plumber,30
2026-06-02,Mumbai,plumber,26
2026-06-03,Mumbai,plumber,33
2026-06-04,Mumbai,plumber,25
2026-06-05,Mumbai,plumber,31
2026-06-06,Mumbai,plumber,17
2026-06-07,Mumbai,plumber,17
2026-06-08,Mumbai,plumber,30
2026-06-09,Mumbai,plumber,27
2026-06-10,Mumbai,plumber,33
2026-06-11,Mumbai,plumber,31
2026-06-12,Mumbai,plumber,27
2026-06-13,Mumbai,plumber,17
2026-06-14,Mumbai,plumber,12
2026-06-15,Mumbai,plumber,30
2026-06-16,Mumbai,plumber,24
2026-06-17,Mumbai,plumber,32
2026-06-18,Mumbai,plumber,29
2026-06-19,Mumbai,plumber,31
2026-06-20,Mumbai,plumber,19
2026-06-21,Mumbai,plumber,15
2026-06-22,Mumbai,plumber,31
2026-06-23,Mumbai,plumber,31
2026-06-24,Mumbai,plumber,33
2026-06-25,Mumbai,plumber,32
2026-06-26,Mumbai,plumber,23
2026-06-27,Mumbai,plumber,22
2026-06-28,Mumbai,plumber,17
2026-06-29,Mumbai,plumber,25
2026-06-30,Mumbai,plumber,29
2026-07-01,Mumbai,plumber,31
2026-07-02,Mumbai,plumber,30
2026-07-03,Mumbai,plumber,30
2026-07-04,Mumbai,plumber,23
2026-07-05,Mumbai,plumber,18
2026-07-06,Mumbai,plumber,24
2026-07-07,Mumbai,plumber,32
2026-07-08,Mumbai,plumber,37
2026-07-09,Mumbai,plumber,31
2026-07-10,Mumbai,plumber,32
2026-07-11,Mumbai,plumber,25
2026-07-12,Mumbai,plumber,18
2026-07-13,Mumbai,plumber,30
2026-07-14,Mumbai,plumber,34
2026-07-15,Mumbai,plumber,32
2026-07-16,Mumbai,plumber,30
2026-07-17,Mumbai,plumber,28
2026-07-18,Mumbai,plumber,24
2026-07-19,Mumbai,plumber,14
2026-07-20,Mumbai,plumber,34
2026-07-21,Mumbai,plumber,32
2026-07-22,Mumbai,plumber,26
2026-07-23,Mumbai,plumber,32
2026-07-24,Mumbai,plumber,22
2026-07-25,Mumbai,plumber,22
2026-07-26,Mumbai,plumber,18
2026-07-27,Mumbai,plumber,27
2026-07-28,Mumbai,plumber,31
2026-07-29,Mumbai,plumber,39
2026-07-30,Mumbai,plumber,28
2026-07-31,Mumbai,plumber,25
2026-08-01,Mumbai,plumber,24
2026-08-02,Mumbai,plumber,20
2026-08-03,Mumbai,plumber,29
2026-08-04,Mumbai,plumber,34
2026-08-05,Mumbai,plumber,37
2026-08-06,Mumbai,plumber,28
2026-08-07,Mumbai,plumber,27
2026-08-08,Mumbai,plumber,23
2026-08-09,Mumbai,plumber,19
2026-08-10,Mumbai,plumber,31
2026-08-11,Mumbai,plumber,27
2026-08-12,Mumbai,plumber,39
2026-08-13,Mumbai,plumber,29
2026-08-14,Mumbai,plumber,28
2026-08-15,Mumbai,plumber,21
2026-08-16,Mumbai,plumber,19
2026-08-17,Mumbai,plumber,32
2026-08-18,Mumbai,plumber,32
2026-08-19,Mumbai,plumber,34
2026-08-20,Mumbai,plumber,31
2026-08-21,Mumbai,plumber,31
2026-08-22,Mumbai,plumber,14
2026-08-23,Mumbai,plumber,15
2026-08-24,Mumbai,plumber,30
2026-08-25,Mumbai,plumber,26
2026-08-26,Mumbai,plumber,34
2026-08-27,Mumbai,plumber,30
2026-08-28,Mumbai,plumber,35
2025-08-01,Mumbai,cleaner,24
2025-08-02,Mumbai,cleaner,13
2025-08-03,Mumbai,cleaner,11
2025-08-04,Mumbai,cleaner,20
2025-08-05,Mumbai,cleaner,20
2025-08-06,Mumbai,cleaner,23
2025-08-07,Mumbai,cleaner,19
2025-08-08,Mumbai,cleaner,17
2025-08-09,Mumbai,cleaner,15
2025-08-10,Mumbai,cleaner,12
2025-08-11,Mumbai,cleaner,18
2025-08-12,Mumbai,cleaner,24
2025-08-13,Mumbai,cleaner,21
2025-08-14,Mumbai,cleaner,22
2025-08-15,Mumbai,cleaner,22
2025-08-16,Mumbai,cleaner,14
2025-08-17,Mumbai,cleaner,12
2025-08-18,Mumbai,cleaner,19
2025-08-19,Mumbai,cleaner,21
2025-08-20,Mumbai,cleaner,22
2025-08-21,Mumbai,cleaner,19
2025-08-22,Mumbai,cleaner,20
2025-08-23,Mumbai,cleaner,12
2025-08-24,Mumbai,cleaner,11
2025-08-25,Mumbai,cleaner,20
2025-08-26,Mumbai,cleaner,21
2025-08-27,Mumbai,cleaner,22
2025-08-28,Mumbai,cleaner,21
2025-08-29,Mumbai,cleaner,22
2025-08-30,Mumbai,cleaner,16
2025-08-31,Mumbai,cleaner,10
2025-09-01,Mumbai,cleaner,22
2025-09-02,Mumbai,cleaner,23
2025-09-03,Mumbai,cleaner,26
2025-09-04,Mumbai,cleaner,26
2025-09-05,Mumbai,cleaner,23
2025-09-06,Mumbai,cleaner,15
2025-09-07,Mumbai,cleaner,13
2025-09-08,Mumbai,cleaner,26
2025-09-09,Mumbai,cleaner,29
2025-09-10,Mumbai,cleaner,26
2025-09-11,Mumbai,cleaner,26
2025-09-12,Mumbai,cleaner,23
2025-09-13,Mumbai,cleaner,18
2025-09-14,Mumbai,cleaner,13
2025-09-15,Mumbai,cleaner,27
2025-09-16,Mumbai,cleaner,21
2025-09-17,Mumbai,cleaner,27
2025-09-18,Mumbai,cleaner,28
2025-09-19,Mumbai,cleaner,26
2025-09-20,Mumbai,cleaner,24
2025-09-21,Mumbai,cleaner,15
2025-09-22,Mumbai,cleaner,23
2025-09-23,Mumbai,cleaner,27
2025-09-24,Mumbai,cleaner,22
2025-09-25,Mumbai,cleaner,27
2025-09-26,Mumbai,cleaner,23
2025-09-27,Mumbai,cleaner,20
2025-09-28,Mumbai,cleaner,13
2025-09-29,Mumbai,cleaner,25
2025-09-30,Mumbai,cleaner,25
2025-10-01,Mumbai,cleaner,46
2025-10-02,Mumbai,cleaner,35
2025-10-03,Mumbai,cleaner,43
2025-10-04,Mumbai,cleaner,27
2025-10-05,Mumbai,cleaner,20
2025-10-06,Mumbai,cleaner,36
2025-10-07,Mumbai,cleaner,38
2025-10-08,Mumbai,cleaner,30
2025-10-09,Mumbai,cleaner,35
2025-10-10,Mumbai,cleaner,39
2025-10-11,Mumbai,cleaner,24
2025-10-12,Mumbai,cleaner,16
2025-10-13,Mumbai,cleaner,35
2025-10-14,Mumbai,cleaner,44
2025-10-15,Mumbai,cleaner,44
2025-10-16,Mumbai,cleaner,37
2025-10-17,Mumbai,cleaner,39
2025-10-18,Mumbai,cleaner,23
2025-10-19,Mumbai,cleaner,15
2025-10-20,Mumbai,cleaner,31
2025-10-21,Mumbai,cleaner,44
2025-10-22,Mumbai,cleaner,37
2025-10-23,Mumbai,cleaner,36
2025-10-24,Mumbai,cleaner,34
2025-10-25,Mumbai,cleaner,30
2025-10-26,Mumbai,cleaner,23
2025-10-27,Mumbai,cleaner,45
2025-10-28,Mumbai,cleaner,36
2025-10-29,Mumbai,cleaner,40
2025-10-30,Mumbai,cleaner,30
2025-10-31,Mumbai,cleaner,42
2025-11-01,Mumbai,cleaner,21
2025-11-02,Mumbai,cleaner,20
2025-11-03,Mumbai,cleaner,31
2025-11-04,Mumbai,cleaner,34
2025-11-05,Mumbai,cleaner,35
2025-11-06,Mumbai,cleaner,34
2025-11-07,Mumbai,cleaner,33
2025-11-08,Mumbai,cleaner,23
2025-11-09,Mumbai,cleaner,21
2025-11-10,Mumbai,cleaner,31
2025-11-11,Mumbai,cleaner,38
2025-11-12,Mumbai,cleaner,45
2025-11-13,Mumbai,cleaner,35
2025-11-14,Mumbai,cleaner,32
2025-11-15,Mumbai,cleaner,24
2025-11-16,Mumbai,cleaner,22
2025-11-17,Mumbai,cleaner,36
2025-11-18,Mumbai,cleaner,35
2025-11-19,Mumbai,cleaner,41
2025-11-20,Mumbai,cleaner,32
2025-11-21,Mumbai,cleaner,38
2025-11-22,Mumbai,cleaner,26
2025-11-23,Mumbai,cleaner,19
2025-11-24,Mumbai,cleaner,32
2025-11-25,Mumbai,cleaner,33
2025-11-26,Mumbai,cleaner,42
2025-11-27,Mumbai,cleaner,43
2025-11-28,Mumbai,cleaner,33
2025-11-29,Mumbai,cleaner,26
2025-11-30,Mumbai,cleaner,15
2025-12-01,Mumbai,cleaner,22
2025-12-02,Mumbai,cleaner,25
2025-12-03,Mumbai,cleaner,23
2025-12-04,Mumbai,cleaner,22
2025-12-05,Mumbai,cleaner,22
2025-12-06,Mumbai,cleaner,17
2025-12-07,Mumbai,cleaner,13
2025-12-08,Mumbai,cleaner,17
2025-12-09,Mumbai,cleaner,19
2025-12-10,Mumbai,cleaner,24
2025-12-11,Mumbai,cleaner,26
2025-12-12,Mumbai,cleaner,16
2025-12-13,Mumbai,cleaner,16
2025-12-14,Mumbai,cleaner,12
2025-12-15,Mumbai,cleaner,28
2025-12-16,Mumbai,cleaner,24
2025-12-17,Mumbai,cleaner,28
2025-12-18,Mumbai,cleaner,26
2025-12-19,Mumbai,cleaner,18
2025-12-20,Mumbai,cleaner,18
2025-12-21,Mumbai,cleaner,14
2025-12-22,Mumbai,cleaner,25
2025-12-23,Mumbai,cleaner,37
2025-12-24,Mumbai,cleaner,20
2025-12-25,Mumbai,cleaner,30
2025-12-26,Mumbai,cleaner,23
2025-12-27,Mumbai,cleaner,17
2025-12-28,Mumbai,cleaner,13
2025-12-29,Mumbai,cleaner,23
2025-12-30,Mumbai,cleaner,24
2025-12-31,Mumbai,cleaner,28
2026-01-01,Mumbai,cleaner,21
2026-01-02,Mumbai,cleaner,26
2026-01-03,Mumbai,cleaner,16
2026-01-04,Mumbai,cleaner,11
2026-01-05,Mumbai,cleaner,23
2026-01-06,Mumbai,cleaner,29
2026-01-07,Mumbai,cleaner,25
2026-01-08,Mumbai,cleaner,26
2026-01-09,Mumbai,cleaner,22
2026-01-10,Mumbai,cleaner,18
2026-01-11,Mumbai,cleaner,14
2026-01-12,Mumbai,cleaner,30
2026-01-13,Mumbai,cleaner,25
2026-01-14,Mumbai,cleaner,29
2026-01-15,Mumbai,cleaner,26
2026-01-16,Mumbai,cleaner,28
2026-01-17,Mumbai,cleaner,15
2026-01-18,Mumbai,cleaner,15
2026-01-19,Mumbai,cleaner,24
2026-01-20,Mumbai,cleaner,25
2026-01-21,Mumbai,cleaner,27
2026-01-22,Mumbai,cleaner,26
2026-01-23,Mumbai,cleaner,24
2026-01-24,Mumbai,cleaner,17
2026-01-25,Mumbai,cleaner,16
2026-01-26,Mumbai,cleaner,27
2026-01-27,Mumbai,cleaner,28
2026-01-28,Mumbai,cleaner,25
2026-01-29,Mumbai,cleaner,23
2026-01-30,Mumbai,cleaner,27
2026-01-31,Mumbai,cleaner,19
2026-02-01,Mumbai,cleaner,16
2026-02-02,Mumbai,cleaner,23
2026-02-03,Mumbai,cleaner,25
2026-02-04,Mumbai,cleaner,22
2026-02-05,Mumbai,cleaner,24
2026-02-06,Mumbai,cleaner,27
2026-02-07,Mumbai,cleaner,16
2026-02-08,Mumbai,cleaner,14
2026-02-09,Mumbai,cleaner,24
2026-02-10,Mumbai,cleaner,27
2026-02-11,Mumbai,cleaner,23
2026-02-12,Mumbai,cleaner,26
2026-02-13,Mumbai,cleaner,16
2026-02-14,Mumbai,cleaner,17
2026-02-15,Mumbai,cleaner,11
2026-02-16,Mumbai,cleaner,28
2026-02-17,Mumbai,cleaner,28
2026-02-18,Mumbai,cleaner,28
2026-02-19,Mumbai,cleaner,30
2026-02-20,Mumbai,cleaner,22
2026-02-21,Mumbai,cleaner,21
2026-02-22,Mumbai,cleaner,15
2026-02-23,Mumbai,cleaner,24
2026-02-24,Mumbai,cleaner,29
2026-02-25,Mumbai,cleaner,23
2026-02-26,Mumbai,cleaner,23
2026-02-27,Mumbai,cleaner,23
2026-02-28,Mumbai,cleaner,16
2026-03-01,Mumbai,cleaner,13
2026-03-02,Mumbai,cleaner,31
2026-03-03,Mumbai,cleaner,28
2026-03-04,Mumbai,cleaner,31
2026-03-05,Mumbai,cleaner,27
2026-03-06,Mumbai,cleaner,21
2026-03-07,Mumbai,cleaner,20
2026-03-08,Mumbai,cleaner,12
2026-03-09,Mumbai,cleaner,27
2026-03-10,Mumbai,cleaner,24
2026-03-11,Mumbai,cleaner,37
2026-03-12,Mumbai,cleaner,32
2026-03-13,Mumbai,cleaner,28
2026-03-14,Mumbai,cleaner,22
2026-03-15,Mumbai,cleaner,14
2026-03-16,Mumbai,cleaner,29
2026-03-17,Mumbai,cleaner,30
2026-03-18,Mumbai,cleaner,31
2026-03-19,Mumbai,cleaner,33
2026-03-20,Mumbai,cleaner,30
2026-03-21,Mumbai,cleaner,20
2026-03-22,Mumbai,cleaner,12
2026-03-23,Mumbai,cleaner,24
2026-03-24,Mumbai,cleaner,29
2026-03-25,Mumbai,cleaner,31
2026-03-26,Mumbai,cleaner,25
2026-03-27,Mumbai,cleaner,36
2026-03-28,Mumbai,cleaner,23
2026-03-29,Mumbai,cleaner,16
2026-03-30,Mumbai,cleaner,28
2026-03-31,Mumbai,cleaner,28
2026-04-01,Mumbai,cleaner,30
2026-04-02,Mumbai,cleaner,32
2026-04-03,Mumbai,cleaner,31
2026-04-04,Mumbai,cleaner,18
2026-04-05,Mumbai,cleaner,17
2026-04-06,Mumbai,cleaner,30
2026-04-07,Mumbai,cleaner,25
2026-04-08,Mumbai,cleaner,30
2026-04-09,Mumbai,cleaner,30
2026-04-10,Mumbai,cleaner,37
2026-04-11,Mumbai,cleaner,23
2026-04-12,Mumbai,cleaner,14
2026-04-13,Mumbai,cleaner,32
2026-04-14,Mumbai,cleaner,26
2026-04-15,Mumbai,cleaner,38
2026-04-16,Mumbai,cleaner,30
2026-04-17,Mumbai,cleaner,30
2026-04-18,Mumbai,cleaner,25
2026-04-19,Mumbai,cleaner,14
2026-04-20,Mumbai,cleaner,25
2026-04-21,Mumbai,cleaner,30
2026-04-22,Mumbai,cleaner,38
2026-04-23,Mumbai,cleaner,26
2026-04-24,Mumbai,cleaner,20
2026-04-25,Mumbai,cleaner,20
2026-04-26,Mumbai,cleaner,18
2026-04-27,Mumbai,cleaner,35
2026-04-28,Mumbai,cleaner,30
2026-04-29,Mumbai,cleaner,32
2026-04-30,Mumbai,cleaner,37
2026-05-01,Mumbai,cleaner,24
2026-05-02,Mumbai,cleaner,21
2026-05-03,Mumbai,cleaner,17
2026-05-04,Mumbai,cleaner,32
2026-05-05,Mumbai,cleaner,30
2026-05-06,Mumbai,cleaner,34
2026-05-07,Mumbai,cleaner,23
2026-05-08,Mumbai,cleaner,28
2026-05-09,Mumbai,cleaner,23
2026-05-10,Mumbai,cleaner,15
2026-05-11,Mumbai,cleaner,31
2026-05-12,Mumbai,cleaner,34
2026-05-13,Mumbai,cleaner,33
2026-05-14,Mumbai,cleaner,33
2026-05-15,Mumbai,cleaner,27
2026-05-16,Mumbai,cleaner,21
2026-05-17,Mumbai,cleaner,18
2026-05-18,Mumbai,cleaner,32
2026-05-19,Mumbai,cleaner,30
2026-05-20,Mumbai,cleaner,35
2026-05-21,Mumbai,cleaner,35
2026-05-22,Mumbai,cleaner,23
2026-05-23,Mumbai,cleaner,25
2026-05-24,Mumbai,cleaner,16
2026-05-25,Mumbai,cleaner,33
2026-05-26,Mumbai,cleaner,37
2026-05-27,Mumbai,cleaner,29
2026-05-28,Mumbai,cleaner,30
2026-05-29,Mumbai,cleaner,30
2026-05-30,Mumbai,cleaner,20
2026-05-31,Mumbai,cleaner,21
2026-06-01,Mumbai,cleaner,20
2026-06-02,Mumbai,cleaner,22
2026-06-03,Mumbai,cleaner,26
2026-06-04,Mumbai,cleaner,20
2026-06-05,Mumbai,cleaner,22
2026-06-06,Mumbai,cleaner,16
2026-06-07,Mumbai,cleaner,12
2026-06-08,Mumbai,cleaner,22
2026-06-09,Mumbai,cleaner,22
2026-06-10,Mumbai,cleaner,20
2026-06-11,Mumbai,cleaner,25
2026-06-12,Mumbai,cleaner,27
2026-06-13,Mumbai,cleaner,16
2026-06-14,Mumbai,cleaner,13
2026-06-15,Mumbai,cleaner,25
2026-06-16,Mumbai,cleaner,20
2026-06-17,Mumbai,cleaner,30
2026-06-18,Mumbai,cleaner,24
2026-06-19,Mumbai,cleaner,27
2026-06-20,Mumbai,cleaner,15
2026-06-21,Mumbai,cleaner,15
2026-06-22,Mumbai,cleaner,25
2026-06-23,Mumbai,cleaner,26
2026-06-24,Mumbai,cleaner,26
2026-06-25,Mumbai,cleaner,23
2026-06-26,Mumbai,cleaner,26
2026-06-27,Mumbai,cleaner,16
2026-06-28,Mumbai,cleaner,10
2026-06-29,Mumbai,cleaner,20
2026-06-30,Mumbai,cleaner,23
2026-07-01,Mumbai,cleaner,26
2026-07-02,Mumbai,cleaner,24
2026-07-03,Mumbai,cleaner,26
2026-07-04,Mumbai,cleaner,12
2026-07-05,Mumbai,cleaner,13
2026-07-06,Mumbai,cleaner,18
2026-07-07,Mumbai,cleaner,26
2026-07-08,Mumbai,cleaner,25
2026-07-09,Mumbai,cleaner,25
2026-07-10,Mumbai,cleaner,21
2026-07-11,Mumbai,cleaner,19
2026-07-12,Mumbai,cleaner,14
2026-07-13,Mumbai,cleaner,25
2026-07-14,Mumbai,cleaner,24
2026-07-15,Mumbai,cleaner,27
2026-07-16,Mumbai,cleaner,22
2026-07-17,Mumbai,cleaner,25
2026-07-18,Mumbai,cleaner,19
2026-07-19,Mumbai,cleaner,14
2026-07-20,Mumbai,cleaner,21
2026-07-21,Mumbai,cleaner,25
2026-07-22,Mumbai,cleaner,21
2026-07-23,Mumbai,cleaner,26
2026-07-24,Mumbai,cleaner,24
2026-07-25,Mumbai,cleaner,13
2026-07-26,Mumbai,cleaner,11
2026-07-27,Mumbai,cleaner,22
2026-07-28,Mumbai,cleaner,23
2026-07-29,Mumbai,cleaner,22
2026-07-30,Mumbai,cleaner,25
2026-07-31,Mumbai,cleaner,24
2026-08-01,Mumbai,cleaner,16
2026-08-02,Mumbai,cleaner,12
2026-08-03,Mumbai,cleaner,26
2026-08-04,Mumbai,cleaner,29
2026-08-05,Mumbai,cleaner,24
2026-08-06,Mumbai,cleaner,23
2026-08-07,Mumbai,cleaner,25
2026-08-08,Mumbai,cleaner,16
2026-08-09,Mumbai,cleaner,13
2026-08-10,Mumbai,cleaner,25
2026-08-11,Mumbai,cleaner,19
2026-08-12,Mumbai,cleaner,30
2026-08-13,Mumbai,cleaner,25
2026-08-14,Mumbai,cleaner,22
2026-08-15,Mumbai,cleaner,16
2026-08-16,Mumbai,cleaner,13
2026-08-17,Mumbai,cleaner,18
2026-08-18,Mumbai,cleaner,29
2026-08-19,Mumbai,cleaner,26
2026-08-20,Mumbai,cleaner,26
2026-08-21,Mumbai,cleaner,26
2026-08-22,Mumbai,cleaner,14
2026-08-23,Mumbai,cleaner,14
2026-08-24,Mumbai,cleaner,23
2026-08-25,Mumbai,cleaner,27
2026-08-26,Mumbai,cleaner,19
2026-08-27,Mumbai,cleaner,24
2026-08-28,Mumbai,cleaner,22
2025-08-01,Mumbai,carpenter,9
2025-08-02,Mumbai,carpenter,7
2025-08-03,Mumbai,carpenter,4
2025-08-04,Mumbai,carpenter,8
2025-08-05,Mumbai,carpenter,9
2025-08-06,Mumbai,carpenter,9
2025-08-07,Mumbai,carpenter,10
2025-08-08,Mumbai,carpenter,9
2025-08-09,Mumbai,carpenter,3
2025-08-10,Mumbai,carpenter,5
2025-08-11,Mumbai,carpenter,8
2025-08-12,Mumbai,carpenter,8
2025-08-13,Mumbai,carpenter,8
2025-08-14,Mumbai,carpenter,10
2025-08-15,Mumbai,carpenter,10
2025-08-16,Mumbai,carpenter,7
2025-08-17,Mumbai,carpenter,4
2025-08-18,Mumbai,carpenter,10
2025-08-19,Mumbai,carpenter,9
2025-08-20,Mumbai,carpenter,9
2025-08-21,Mumbai,carpenter,8
2025-08-22,Mumbai,carpenter,7
2025-08-23,Mumbai,carpenter,6
2025-08-24,Mumbai,carpenter,5
2025-08-25,Mumbai,carpenter,9
2025-08-26,Mumbai,carpenter,9
2025-08-27,Mumbai,carpenter,9
2025-08-28,Mumbai,carpenter,10
2025-08-29,Mumbai,carpenter,8
2025-08-30,Mumbai,carpenter,7
2025-08-31,Mumbai,carpenter,4
2025-09-01,Mumbai,carpenter,10
2025-09-02,Mumbai,carpenter,10
2025-09-03,Mumbai,carpenter,12
2025-09-04,Mumbai,carpenter,13
2025-09-05,Mumbai,carpenter,12
2025-09-06,Mumbai,carpenter,9
2025-09-07,Mumbai,carpenter,7
2025-09-08,Mumbai,carpenter,10
2025-09-09,Mumbai,carpenter,11
2025-09-10,Mumbai,carpenter,11
2025-09-11,Mumbai,carpenter,14
2025-09-12,Mumbai,carpenter,10
2025-09-13,Mumbai,carpenter,9
2025-09-14,Mumbai,carpenter,7
2025-09-15,Mumbai,carpenter,14
2025-09-16,Mumbai,carpenter,11
2025-09-17,Mumbai,carpenter,14
2025-09-18,Mumbai,carpenter,15
2025-09-19,Mumbai,carpenter,11
2025-09-20,Mumbai,carpenter,6
2025-09-21,Mumbai,carpenter,4
2025-09-22,Mumbai,carpenter,12
2025-09-23,Mumbai,carpenter,9
2025-09-24,Mumbai,carpenter,12
2025-09-25,Mumbai,carpenter,13
2025-09-26,Mumbai,carpenter,12
2025-09-27,Mumbai,carpenter,8
2025-09-28,Mumbai,carpenter,7
2025-09-29,Mumbai,carpenter,13
2025-09-30,Mumbai,carpenter,11
2025-10-01,Mumbai,carpenter,16
2025-10-02,Mumbai,carpenter,15
2025-10-03,Mumbai,carpenter,17
2025-10-04,Mumbai,carpenter,12
2025-10-05,Mumbai,carpenter,9
2025-10-06,Mumbai,carpenter,18
2025-10-07,Mumbai,carpenter,14
2025-10-08,Mumbai,carpenter,21
2025-10-09,Mumbai,carpenter,19
2025-10-10,Mumbai,carpenter,17
2025-10-11,Mumbai,carpenter,13
2025-10-12,Mumbai,carpenter,7
2025-10-13,Mumbai,carpenter,15
2025-10-14,Mumbai,carpenter,15
2025-10-15,Mumbai,carpenter,19
2025-10-16,Mumbai,carpenter,14
2025-10-17,Mumbai,carpenter,17
2025-10-18,Mumbai,carpenter,13
2025-10-19,Mumbai,carpenter,9
2025-10-20,Mumbai,carpenter,16
2025-10-21,Mumbai,carpenter,14
2025-10-22,Mumbai,carpenter,15
2025-10-23,Mumbai,carpenter,19
2025-10-24,Mumbai,carpenter,17
2025-10-25,Mumbai,carpenter,11
2025-10-26,Mumbai,carpenter,8
2025-10-27,Mumbai,carpenter,12
2025-10-28,Mumbai,carpenter,14
2025-10-29,Mumbai,carpenter,21
2025-10-30,Mumbai,carpenter,14
2025-10-31,Mumbai,carpenter,16
2025-11-01,Mumbai,carpenter,12
2025-11-02,Mumbai,carpenter,7
2025-11-03,Mumbai,carpenter,16
2025-11-04,Mumbai,carpenter,18
2025-11-05,Mumbai,carpenter,17
2025-11-06,Mumbai,carpenter,22
2025-11-07,Mumbai,carpenter,13
2025-11-08,Mumbai,carpenter,12
2025-11-09,Mumbai,carpenter,8
2025-11-10,Mumbai,carpenter,17
2025-11-11,Mumbai,carpenter,17
2025-11-12,Mumbai,carpenter,16
2025-11-13,Mumbai,carpenter,17
2025-11-14,Mumbai,carpenter,12
2025-11-15,Mumbai,carpenter,12
2025-11-16,Mumbai,carpenter,9
2025-11-17,Mumbai,carpenter,17
2025-11-18,Mumbai,carpenter,19
2025-11-19,Mumbai,carpenter,18
2025-11-20,Mumbai,carpenter,17
2025-11-21,Mumbai,carpenter,14
2025-11-22,Mumbai,carpenter,10
2025-11-23,Mumbai,carpenter,10
2025-11-24,Mumbai,carpenter,19
2025-11-25,Mumbai,carpenter,16
2025-11-26,Mumbai,carpenter,18
2025-11-27,Mumbai,carpenter,15
2025-11-28,Mumbai,carpenter,18
2025-11-29,Mumbai,carpenter,12
2025-11-30,Mumbai,carpenter,11
2025-12-01,Mumbai,carpenter,9
2025-12-02,Mumbai,carpenter,11
2025-12-03,Mumbai,carpenter,12
2025-12-04,Mumbai,carpenter,12
2025-12-05,Mumbai,carpenter,10
2025-12-06,Mumbai,carpenter,7
2025-12-07,Mumbai,carpenter,7
2025-12-08,Mumbai,carpenter,12
2025-12-09,Mumbai,carpenter,10
2025-12-10,Mumbai,carpenter,14
2025-12-11,Mumbai,carpenter,13
2025-12-12,Mumbai,carpenter,11
2025-12-13,Mumbai,carpenter,8
2025-12-14,Mumbai,carpenter,6
2025-12-15,Mumbai,carpenter,10
2025-12-16,Mumbai,carpenter,11
2025-12-17,Mumbai,carpenter,9
2025-12-18,Mumbai,carpenter,12
2025-12-19,Mumbai,carpenter,9
2025-12-20,Mumbai,carpenter,9
2025-12-21,Mumbai,carpenter,6
2025-12-22,Mumbai,carpenter,10
2025-12-23,Mumbai,carpenter,10
2025-12-24,Mumbai,carpenter,11
2025-12-25,Mumbai,carpenter,13
2025-12-26,Mumbai,carpenter,7
2025-12-27,Mumbai,carpenter,9
2025-12-28,Mumbai,carpenter,6
2025-12-29,Mumbai,carpenter,9
2025-12-30,Mumbai,carpenter,10
2025-12-31,Mumbai,carpenter,14
2026-01-01,Mumbai,carpenter,10
2026-01-02,Mumbai,carpenter,9
2026-01-03,Mumbai,carpenter,9
2026-01-04,Mumbai,carpenter,6
2026-01-05,Mumbai,carpenter,10
2026-01-06,Mumbai,carpenter,12
2026-01-07,Mumbai,carpenter,10
2026-01-08,Mumbai,carpenter,13
2026-01-09,Mumbai,carpenter,12
2026-01-10,Mumbai,carpenter,8
2026-01-11,Mumbai,carpenter,6
2026-01-12,Mumbai,carpenter,13
2026-01-13,Mumbai,carpenter,11
2026-01-14,Mumbai,carpenter,10
2026-01-15,Mumbai,carpenter,12
2026-01-16,Mumbai,carpenter,13
2026-01-17,Mumbai,carpenter,7
2026-01-18,Mumbai,carpenter,6
2026-01-19,Mumbai,carpenter,11
2026-01-20,Mumbai,carpenter,11
2026-01-21,Mumbai,carpenter,10
2026-01-22,Mumbai,carpenter,13
2026-01-23,Mumbai,carpenter,14
2026-01-24,Mumbai,carpenter,8
2026-01-25,Mumbai,carpenter,5
2026-01-26,Mumbai,carpenter,9
2026-01-27,Mumbai,carpenter,12
2026-01-28,Mumbai,carpenter,13
2026-01-29,Mumbai,carpenter,12
2026-01-30,Mumbai,carpenter,11
2026-01-31,Mumbai,carpenter,7
2026-02-01,Mumbai,carpenter,5
2026-02-02,Mumbai,carpenter,12
2026-02-03,Mumbai,carpenter,13
2026-02-04,Mumbai,carpenter,10
2026-02-05,Mumbai,carpenter,14
2026-02-06,Mumbai,carpenter,12
2026-02-07,Mumbai,carpenter,9
2026-02-08,Mumbai,carpenter,5
2026-02-09,Mumbai,carpenter,9
2026-02-10,Mumbai,carpenter,11
2026-02-11,Mumbai,carpenter,13
2026-02-12,Mumbai,carpenter,14
2026-02-13,Mumbai,carpenter,12
2026-02-14,Mumbai,carpenter,7
2026-02-15,Mumbai,carpenter,5
2026-02-16,Mumbai,carpenter,12
2026-02-17,Mumbai,carpenter,10
2026-02-18,Mumbai,carpenter,14
2026-02-19,Mumbai,carpenter,11
2026-02-20,Mumbai,carpenter,13
2026-02-21,Mumbai,carpenter,8
2026-02-22,Mumbai,carpenter,6
2026-02-23,Mumbai,carpenter,10
2026-02-24,Mumbai,carpenter,11
2026-02-25,Mumbai,carpenter,13
2026-02-26,Mumbai,carpenter,12
2026-02-27,Mumbai,carpenter,10
2026-02-28,Mumbai,carpenter,7
2026-03-01,Mumbai,carpenter,7
2026-03-02,Mumbai,carpenter,9
2026-03-03,Mumbai,carpenter,13
2026-03-04,Mumbai,carpenter,12
2026-03-05,Mumbai,carpenter,11
2026-03-06,Mumbai,carpenter,10
2026-03-07,Mumbai,carpenter,7
2026-03-08,Mumbai,carpenter,5
2026-03-09,Mumbai,carpenter,11
2026-03-10,Mumbai,carpenter,16
2026-03-11,Mumbai,carpenter,13
2026-03-12,Mumbai,carpenter,13
2026-03-13,Mumbai,carpenter,13
2026-03-14,Mumbai,carpenter,9
2026-03-15,Mumbai,carpenter,7
2026-03-16,Mumbai,carpenter,10
2026-03-17,Mumbai,carpenter,15
2026-03-18,Mumbai,carpenter,16
2026-03-19,Mumbai,carpenter,10
2026-03-20,Mumbai,carpenter,11
2026-03-21,Mumbai,carpenter,8
2026-03-22,Mumbai,carpenter,6
2026-03-23,Mumbai,carpenter,13
2026-03-24,Mumbai,carpenter,12
2026-03-25,Mumbai,carpenter,17
2026-03-26,Mumbai,carpenter,15
2026-03-27,Mumbai,carpenter,13
2026-03-28,Mumbai,carpenter,10
2026-03-29,Mumbai,carpenter,8
2026-03-30,Mumbai,carpenter,11
2026-03-31,Mumbai,carpenter,12
2026-04-01,Mumbai,carpenter,17
2026-04-02,Mumbai,carpenter,18
2026-04-03,Mumbai,carpenter,16
2026-04-04,Mumbai,carpenter,9
2026-04-05,Mumbai,carpenter,8
2026-04-06,Mumbai,carpenter,15
2026-04-07,Mumbai,carpenter,16
2026-04-08,Mumbai,carpenter,21
2026-04-09,Mumbai,carpenter,13
2026-04-10,Mumbai,carpenter,16
2026-04-11,Mumbai,carpenter,13
2026-04-12,Mumbai,carpenter,11
2026-04-13,Mumbai,carpenter,15
2026-04-14,Mumbai,carpenter,17
2026-04-15,Mumbai,carpenter,18
2026-04-16,Mumbai,carpenter,17
2026-04-17,Mumbai,carpenter,15
2026-04-18,Mumbai,carpenter,11
2026-04-19,Mumbai,carpenter,6
2026-04-20,Mumbai,carpenter,17
2026-04-21,Mumbai,carpenter,16
2026-04-22,Mumbai,carpenter,17
2026-04-23,Mumbai,carpenter,20
2026-04-24,Mumbai,carpenter,14
2026-04-25,Mumbai,carpenter,10
2026-04-26,Mumbai,carpenter,11
2026-04-27,Mumbai,carpenter,14
2026-04-28,Mumbai,carpenter,15
2026-04-29,Mumbai,carpenter,17
2026-04-30,Mumbai,carpenter,18
2026-05-01,Mumbai,carpenter,16
2026-05-02,Mumbai,carpenter,9
2026-05-03,Mumbai,carpenter,8
2026-05-04,Mumbai,carpenter,14
2026-05-05,Mumbai,carpenter,16
2026-05-06,Mumbai,carpenter,18
2026-05-07,Mumbai,carpenter,17
2026-05-08,Mumbai,carpenter,12
2026-05-09,Mumbai,carpenter,12
2026-05-10,Mumbai,carpenter,9
2026-05-11,Mumbai,carpenter,18
2026-05-12,Mumbai,carpenter,17
2026-05-13,Mumbai,carpenter,19
2026-05-14,Mumbai,carpenter,17
2026-05-15,Mumbai,carpenter,18
2026-05-16,Mumbai,carpenter,12
2026-05-17,Mumbai,carpenter,8
2026-05-18,Mumbai,carpenter,20
2026-05-19,Mumbai,carpenter,18
2026-05-20,Mumbai,carpenter,18
2026-05-21,Mumbai,carpenter,14
2026-05-22,Mumbai,carpenter,13
2026-05-23,Mumbai,carpenter,11
2026-05-24,Mumbai,carpenter,9
2026-05-25,Mumbai,carpenter,15
2026-05-26,Mumbai,carpenter,17
2026-05-27,Mumbai,carpenter,21
2026-05-28,Mumbai,carpenter,18
2026-05-29,Mumbai,carpenter,14
2026-05-30,Mumbai,carpenter,11
2026-05-31,Mumbai,carpenter,8
2026-06-01,Mumbai,carpenter,10
2026-06-02,Mumbai,carpenter,10
2026-06-03,Mumbai,carpenter,10
2026-06-04,Mumbai,carpenter,9
2026-06-05,Mumbai,carpenter,10
2026-06-06,Mumbai,carpenter,6
2026-06-07,Mumbai,carpenter,3
2026-06-08,Mumbai,carpenter,13
2026-06-09,Mumbai,carpenter,12
2026-06-10,Mumbai,carpenter,11
2026-06-11,Mumbai,carpenter,11
2026-06-12,Mumbai,carpenter,9
2026-06-13,Mumbai,carpenter,9
2026-06-14,Mumbai,carpenter,7
2026-06-15,Mumbai,carpenter,10
2026-06-16,Mumbai,carpenter,12
2026-06-17,Mumbai,carpenter,11
2026-06-18,Mumbai,carpenter,9
2026-06-19,Mumbai,carpenter,10
2026-06-20,Mumbai,carpenter,7
2026-06-21,Mumbai,carpenter,5
2026-06-22,Mumbai,carpenter,10
2026-06-23,Mumbai,carpenter,11
2026-06-24,Mumbai,carpenter,11
2026-06-25,Mumbai,carpenter,11
2026-06-26,Mumbai,carpenter,9
2026-06-27,Mumbai,carpenter,6
2026-06-28,Mumbai,carpenter,4
2026-06-29,Mumbai,carpenter,11
2026-06-30,Mumbai,carpenter,8
2026-07-01,Mumbai,carpenter,13
2026-07-02,Mumbai,carpenter,12
2026-07-03,Mumbai,carpenter,10
2026-07-04,Mumbai,carpenter,5
2026-07-05,Mumbai,carpenter,5
2026-07-06,Mumbai,carpenter,10
2026-07-07,Mumbai,carpenter,9
2026-07-08,Mumbai,carpenter,11
2026-07-09,Mumbai,carpenter,13
2026-07-10,Mumbai,carpenter,11
2026-07-11,Mumbai,carpenter,6
2026-07-12,Mumbai,carpenter,4
2026-07-13,Mumbai,carpenter,10
2026-07-14,Mumbai,carpenter,10
2026-07-15,Mumbai,carpenter,12
2026-07-16,Mumbai,carpenter,10
2026-07-17,Mumbai,carpenter,11
2026-07-18,Mumbai,carpenter,9
2026-07-19,Mumbai,carpenter,6
2026-07-20,Mumbai,carpenter,10
2026-07-21,Mumbai,carpenter,11
2026-07-22,Mumbai,carpenter,11
2026-07-23,Mumbai,carpenter,12
2026-07-24,Mumbai,carpenter,9
2026-07-25,Mumbai,carpenter,7
2026-07-26,Mumbai,carpenter,6
2026-07-27,Mumbai,carpenter,10
2026-07-28,Mumbai,carpenter,9
2026-07-29,Mumbai,carpenter,12
2026-07-30,Mumbai,carpenter,11
2026-07-31,Mumbai,carpenter,11
2026-08-01,Mumbai,carpenter,7
2026-08-02,Mumbai,carpenter,7
2026-08-03,Mumbai,carpenter,9
2026-08-04,Mumbai,carpenter,13
2026-08-05,Mumbai,carpenter,9
2026-08-06,Mumbai,carpenter,11
2026-08-07,Mumbai,carpenter,11
2026-08-08,Mumbai,carpenter,6
2026-08-09,Mumbai,carpenter,6
2026-08-10,Mumbai,carpenter,12
2026-08-11,Mumbai,carpenter,8
2026-08-12,Mumbai,carpenter,12
2026-08-13,Mumbai,carpenter,8
2026-08-14,Mumbai,carpenter,9
2026-08-15,Mumbai,carpenter,9
2026-08-16,Mumbai,carpenter,5
2026-08-17,Mumbai,carpenter,9
2026-08-18,Mumbai,carpenter,11
2026-08-19,Mumbai,carpenter,14
2026-08-20,Mumbai,carpenter,8
2026-08-21,Mumbai,carpenter,9
2026-08-22,Mumbai,carpenter,9
2026-08-23,Mumbai,carpenter,8
2026-08-24,Mumbai,carpenter,10
2026-08-25,Mumbai,carpenter,9
2026-08-26,Mumbai,carpenter,14
2026-08-27,Mumbai,carpenter,13
2026-08-28,Mumbai,carpenter,11
2025-08-01,Mumbai,painter,6
2025-08-02,Mumbai,painter,5
2025-08-03,Mumbai,painter,4
2025-08-04,Mumbai,painter,7
2025-08-05,Mumbai,painter,9
2025-08-06,Mumbai,painter,8
2025-08-07,Mumbai,painter,6
2025-08-08,Mumbai,painter,8
2025-08-09,Mumbai,painter,5
2025-08-10,Mumbai,painter,4
2025-08-11,Mumbai,painter,8
2025-08-12,Mumbai,painter,6
2025-08-13,Mumbai,painter,7
2025-08-14,Mumbai,painter,7
2025-08-15,Mumbai,painter,5
2025-08-16,Mumbai,painter,5
2025-08-17,Mumbai,painter,6
2025-08-18,Mumbai,painter,5
2025-08-19,Mumbai,painter,7
2025-08-20,Mumbai,painter,8
2025-08-21,Mumbai,painter,7
2025-08-22,Mumbai,painter,7
2025-08-23,Mumbai,painter,3
2025-08-24,Mumbai,painter,4
2025-08-25,Mumbai,painter,6
2025-08-26,Mumbai,painter,5
2025-08-27,Mumbai,painter,9
2025-08-28,Mumbai,painter,8
2025-08-29,Mumbai,painter,7
2025-08-30,Mumbai,painter,5
2025-08-31,Mumbai,painter,5
2025-09-01,Mumbai,painter,9
2025-09-02,Mumbai,painter,10
2025-09-03,Mumbai,painter,9
2025-09-04,Mumbai,painter,10
2025-09-05,Mumbai,painter,9
2025-09-06,Mumbai,painter,6
2025-09-07,Mumbai,painter,3
2025-09-08,Mumbai,painter,9
2025-09-09,Mumbai,painter,8
2025-09-10,Mumbai,painter,9
2025-09-11,Mumbai,painter,8
2025-09-12,Mumbai,painter,7
2025-09-13,Mumbai,painter,8
2025-09-14,Mumbai,painter,6
2025-09-15,Mumbai,painter,11
2025-09-16,Mumbai,painter,8
2025-09-17,Mumbai,painter,9
2025-09-18,Mumbai,painter,8
2025-09-19,Mumbai,painter,8
2025-09-20,Mumbai,painter,5
2025-09-21,Mumbai,painter,6
2025-09-22,Mumbai,painter,8
2025-09-23,Mumbai,painter,10
2025-09-24,Mumbai,painter,10
2025-09-25,Mumbai,painter,12
2025-09-26,Mumbai,painter,7
2025-09-27,Mumbai,painter,7
2025-09-28,Mumbai,painter,6
2025-09-29,Mumbai,painter,8
2025-09-30,Mumbai,painter,10
2025-10-01,Mumbai,painter,13
2025-10-02,Mumbai,painter,12
2025-10-03,Mumbai,painter,10
2025-10-04,Mumbai,painter,7
2025-10-05,Mumbai,painter,8
2025-10-06,Mumbai,painter,12
2025-10-07,Mumbai,painter,13
2025-10-08,Mumbai,painter,12
2025-10-09,Mumbai,painter,11
2025-10-10,Mumbai,painter,13
2025-10-11,Mumbai,painter,7
2025-10-12,Mumbai,painter,6
2025-10-13,Mumbai,painter,12
2025-10-14,Mumbai,painter,12
2025-10-15,Mumbai,painter,13
2025-10-16,Mumbai,painter,13
2025-10-17,Mumbai,painter,13
2025-10-18,Mumbai,painter,9
2025-10-19,Mumbai,painter,5
2025-10-20,Mumbai,painter,11
2025-10-21,Mumbai,painter,14
2025-10-22,Mumbai,painter,14
2025-10-23,Mumbai,painter,10
2025-10-24,Mumbai,painter,12
2025-10-25,Mumbai,painter,6
2025-10-26,Mumbai,painter,6
2025-10-27,Mumbai,painter,14
2025-10-28,Mumbai,painter,11
2025-10-29,Mumbai,painter,12
2025-10-30,Mumbai,painter,13
2025-10-31,Mumbai,painter,10
2025-11-01,Mumbai,painter,8
2025-11-02,Mumbai,painter,7
2025-11-03,Mumbai,painter,11
2025-11-04,Mumbai,painter,12
2025-11-05,Mumbai,painter,14
2025-11-06,Mumbai,painter,13
2025-11-07,Mumbai,painter,12
2025-11-08,Mumbai,painter,8
2025-11-09,Mumbai,painter,7
2025-11-10,Mumbai,painter,12
2025-11-11,Mumbai,painter,13
2025-11-12,Mumbai,painter,12
2025-11-13,Mumbai,painter,12
2025-11-14,Mumbai,painter,10
2025-11-15,Mumbai,painter,8
2025-11-16,Mumbai,painter,6
2025-11-17,Mumbai,painter,10
2025-11-18,Mumbai,painter,13
2025-11-19,Mumbai,painter,13
2025-11-20,Mumbai,painter,14
2025-11-21,Mumbai,painter,11
2025-11-22,Mumbai,painter,9
2025-11-23,Mumbai,painter,7
2025-11-24,Mumbai,painter,12
2025-11-25,Mumbai,painter,11
2025-11-26,Mumbai,painter,13
2025-11-27,Mumbai,painter,13
2025-11-28,Mumbai,painter,12
2025-11-29,Mumbai,painter,6
2025-11-30,Mumbai,painter,7
2025-12-01,Mumbai,painter,10
2025-12-02,Mumbai,painter,8
2025-12-03,Mumbai,painter,8
2025-12-04,Mumbai,painter,9
2025-12-05,Mumbai,painter,8
2025-12-06,Mumbai,painter,7
2025-12-07,Mumbai,painter,3
2025-12-08,Mumbai,painter,9
2025-12-09,Mumbai,painter,9
2025-12-10,Mumbai,painter,9
2025-12-11,Mumbai,painter,9
2025-12-12,Mumbai,painter,9
2025-12-13,Mumbai,painter,6
2025-12-14,Mumbai,painter,3
2025-12-15,Mumbai,painter,9
2025-12-16,Mumbai,painter,8
2025-12-17,Mumbai,painter,9
2025-12-18,Mumbai,painter,8
2025-12-19,Mumbai,painter,8
2025-12-20,Mumbai,painter,7
2025-12-21,Mumbai,painter,4
2025-12-22,Mumbai,painter,7
2025-12-23,Mumbai,painter,8
2025-12-24,Mumbai,painter,9
2025-12-25,Mumbai,painter,10
2025-12-26,Mumbai,painter,9
2025-12-27,Mumbai,painter,5
2025-12-28,Mumbai,painter,7
2025-12-29,Mumbai,painter,8
2025-12-30,Mumbai,painter,10
2025-12-31,Mumbai,painter,9
2026-01-01,Mumbai,painter,9
2026-01-02,Mumbai,painter,9
2026-01-03,Mumbai,painter,7
2026-01-04,Mumbai,painter,5
2026-01-05,Mumbai,painter,9
2026-01-06,Mumbai,painter,8
2026-01-07,Mumbai,painter,8
2026-01-08,Mumbai,painter,9
2026-01-09,Mumbai,painter,9
2026-01-10,Mumbai,painter,5
2026-01-11,Mumbai,painter,5
2026-01-12,Mumbai,painter,10
2026-01-13,Mumbai,painter,8
2026-01-14,Mumbai,painter,8
2026-01-15,Mumbai,painter,8
2026-01-16,Mumbai,painter,8
2026-01-17,Mumbai,painter,5
2026-01-18,Mumbai,painter,6
2026-01-19,Mumbai,painter,9
2026-01-20,Mumbai,painter,9
2026-01-21,Mumbai,painter,7
2026-01-22,Mumbai,painter,7
2026-01-23,Mumbai,painter,8
2026-01-24,Mumbai,painter,4
2026-01-25,Mumbai,painter,5
2026-01-26,Mumbai,painter,8
2026-01-27,Mumbai,painter,12
2026-01-28,Mumbai,painter,11
2026-01-29,Mumbai,painter,8
2026-01-30,Mumbai,painter,8
2026-01-31,Mumbai,painter,7
2026-02-01,Mumbai,painter,6
2026-02-02,Mumbai,painter,6
2026-02-03,Mumbai,painter,7
2026-02-04,Mumbai,painter,8
2026-02-05,Mumbai,painter,9
2026-02-06,Mumbai,painter,9
2026-02-07,Mumbai,painter,7
2026-02-08,Mumbai,painter,3
2026-02-09,Mumbai,painter,6
2026-02-10,Mumbai,painter,9
2026-02-11,Mumbai,painter,8
2026-02-12,Mumbai,painter,6
2026-02-13,Mumbai,painter,8
2026-02-14,Mumbai,painter,7
2026-02-15,Mumbai,painter,4
2026-02-16,Mumbai,painter,8
2026-02-17,Mumbai,painter,8
2026-02-18,Mumbai,painter,9
2026-02-19,Mumbai,painter,7
2026-02-20,Mumbai,painter,7
2026-02-21,Mumbai,painter,6
2026-02-22,Mumbai,painter,5
2026-02-23,Mumbai,painter,8
2026-02-24,Mumbai,painter,8
2026-02-25,Mumbai,painter,9
2026-02-26,Mumbai,painter,6
2026-02-27,Mumbai,painter,8
2026-02-28,Mumbai,painter,7
2026-03-01,Mumbai,painter,4
2026-03-02,Mumbai,painter,8
2026-03-03,Mumbai,painter,10
2026-03-04,Mumbai,painter,12
2026-03-05,Mumbai,painter,9
2026-03-06,Mumbai,painter,8
2026-03-07,Mumbai,painter,4
2026-03-08,Mumbai,painter,5
2026-03-09,Mumbai,painter,11
2026-03-10,Mumbai,painter,10
2026-03-11,Mumbai,painter,10
2026-03-12,Mumbai,painter,10
2026-03-13,Mumbai,painter,9
2026-03-14,Mumbai,painter,6
2026-03-15,Mumbai,painter,6
2026-03-16,Mumbai,painter,9
2026-03-17,Mumbai,painter,10
2026-03-18,Mumbai,painter,9
2026-03-19,Mumbai,painter,11
2026-03-20,Mumbai,painter,10
2026-03-21,Mumbai,painter,6
2026-03-22,Mumbai,painter,6
2026-03-23,Mumbai,painter,9
2026-03-24,Mumbai,painter,9
2026-03-25,Mumbai,painter,9
2026-03-26,Mumbai,painter,8
2026-03-27,Mumbai,painter,10
2026-03-28,Mumbai,painter,5
2026-03-29,Mumbai,painter,4
2026-03-30,Mumbai,painter,7
2026-03-31,Mumbai,painter,10
2026-04-01,Mumbai,painter,12
2026-04-02,Mumbai,painter,12
2026-04-03,Mumbai,painter,10
2026-04-04,Mumbai,painter,7
2026-04-05,Mumbai,painter,7
2026-04-06,Mumbai,painter,11
2026-04-07,Mumbai,painter,13
2026-04-08,Mumbai,painter,11
2026-04-09,Mumbai,painter,12
2026-04-10,Mumbai,painter,13
2026-04-11,Mumbai,painter,9
2026-04-12,Mumbai,painter,6
2026-04-13,Mumbai,painter,12
2026-04-14,Mumbai,painter,12
2026-04-15,Mumbai,painter,13
2026-04-16,Mumbai,painter,12
2026-04-17,Mumbai,painter,11
2026-04-18,Mumbai,painter,8
2026-04-19,Mumbai,painter,5
2026-04-20,Mumbai,painter,10
2026-04-21,Mumbai,painter,10
2026-04-22,Mumbai,painter,10
2026-04-23,Mumbai,painter,10
2026-04-24,Mumbai,painter,12
2026-04-25,Mumbai,painter,7
2026-04-26,Mumbai,painter,7
2026-04-27,Mumbai,painter,12
2026-04-28,Mumbai,painter,9
2026-04-29,Mumbai,painter,14
2026-04-30,Mumbai,painter,13
2026-05-01,Mumbai,painter,10
2026-05-02,Mumbai,painter,9
2026-05-03,Mumbai,painter,6
2026-05-04,Mumbai,painter,12
2026-05-05,Mumbai,painter,10
2026-05-06,Mumbai,painter,10
2026-05-07,Mumbai,painter,12
2026-05-08,Mumbai,painter,12
2026-05-09,Mumbai,painter,8
2026-05-10,Mumbai,painter,5
2026-05-11,Mumbai,painter,11
2026-05-12,Mumbai,painter,13
2026-05-13,Mumbai,painter,13
2026-05-14,Mumbai,painter,13
2026-05-15,Mumbai,painter,11
2026-05-16,Mumbai,painter,9
2026-05-17,Mumbai,painter,5
2026-05-18,Mumbai,painter,12
2026-05-19,Mumbai,painter,14
2026-05-20,Mumbai,painter,14
2026-05-21,Mumbai,painter,12
2026-05-22,Mumbai,painter,11
2026-05-23,Mumbai,painter,9
2026-05-24,Mumbai,painter,5
2026-05-25,Mumbai,painter,10
2026-05-26,Mumbai,painter,12
2026-05-27,Mumbai,painter,15
2026-05-28,Mumbai,painter,13
2026-05-29,Mumbai,painter,10
2026-05-30,Mumbai,painter,8
2026-05-31,Mumbai,painter,6
2026-06-01,Mumbai,painter,7
2026-06-02,Mumbai,painter,9
2026-06-03,Mumbai,painter,7
2026-06-04,Mumbai,painter,10
2026-06-05,Mumbai,painter,8
2026-06-06,Mumbai,painter,6
2026-06-07,Mumbai,painter,4
2026-06-08,Mumbai,painter,7
2026-06-09,Mumbai,painter,7
2026-06-10,Mumbai,painter,8
2026-06-11,Mumbai,painter,8
2026-06-12,Mumbai,painter,9
2026-06-13,Mumbai,painter,4
2026-06-14,Mumbai,painter,4
2026-06-15,Mumbai,painter,7
2026-06-16,Mumbai,painter,7
2026-06-17,Mumbai,painter,9
2026-06-18,Mumbai,painter,7
2026-06-19,Mumbai,painter,7
2026-06-20,Mumbai,painter,5
2026-06-21,Mumbai,painter,3
2026-06-22,Mumbai,painter,8
2026-06-23,Mumbai,painter,8
2026-06-24,Mumbai,painter,8
2026-06-25,Mumbai,painter,7
2026-06-26,Mumbai,painter,8
2026-06-27,Mumbai,painter,7
2026-06-28,Mumbai,painter,4
2026-06-29,Mumbai,painter,9
2026-06-30,Mumbai,painter,7
2026-07-01,Mumbai,painter,9
2026-07-02,Mumbai,painter,7
2026-07-03,Mumbai,painter,6
2026-07-04,Mumbai,painter,5
2026-07-05,Mumbai,painter,5
2026-07-06,Mumbai,painter,9
2026-07-07,Mumbai,painter,8
2026-07-08,Mumbai,painter,7
2026-07-09,Mumbai,painter,8
2026-07-10,Mumbai,painter,8
2026-07-11,Mumbai,painter,6
2026-07-12,Mumbai,painter,2
2026-07-13,Mumbai,painter,7
2026-07-14,Mumbai,painter,8
2026-07-15,Mumbai,painter,9
2026-07-16,Mumbai,painter,6
2026-07-17,Mumbai,painter,7
2026-07-18,Mumbai,painter,6
2026-07-19,Mumbai,painter,5
2026-07-20,Mumbai,painter,8
2026-07-21,Mumbai,painter,9
2026-07-22,Mumbai,painter,8
2026-07-23,Mumbai,painter,6
2026-07-24,Mumbai,painter,7
2026-07-25,Mumbai,painter,6
2026-07-26,Mumbai,painter,6
2026-07-27,Mumbai,painter,8
2026-07-28,Mumbai,painter,9
2026-07-29,Mumbai,painter,9
2026-07-30,Mumbai,painter,8
2026-07-31,Mumbai,painter,8
2026-08-01,Mumbai,painter,7
2026-08-02,Mumbai,painter,3
2026-08-03,Mumbai,painter,9
2026-08-04,Mumbai,painter,8
2026-08-05,Mumbai,painter,10
2026-08-06,Mumbai,painter,7
2026-08-07,Mumbai,painter,8
2026-08-08,Mumbai,painter,5
2026-08-09,Mumbai,painter,3
2026-08-10,Mumbai,painter,8
2026-08-11,Mumbai,painter,9
2026-08-12,Mumbai,painter,8
2026-08-13,Mumbai,painter,7
2026-08-14,Mumbai,painter,8
2026-08-15,Mumbai,painter,5
2026-08-16,Mumbai,painter,5
2026-08-17,Mumbai,painter,9
2026-08-18,Mumbai,painter,8
2026-08-19,Mumbai,painter,10
2026-08-20,Mumbai,painter,8
2026-08-21,Mumbai,painter,7
2026-08-22,Mumbai,painter,4
2026-08-23,Mumbai,painter,4
2026-08-24,Mumbai,painter,7
2026-08-25,Mumbai,painter,9
2026-08-26,Mumbai,painter,9
2026-08-27,Mumbai,painter,7
2026-08-28,Mumbai,painter,8
2025-08-01,Delhi,electrician,25
2025-08-02,Delhi,electrician,19
2025-08-03,Delhi,electrician,14
2025-08-04,Delhi,electrician,26
2025-08-05,Delhi,electrician,25
2025-08-06,Delhi,electrician,27
2025-08-07,Delhi,electrician,28
2025-08-08,Delhi,electrician,20
2025-08-09,Delhi,electrician,16
2025-08-10,Delhi,electrician,12
2025-08-11,Delhi,electrician,25
2025-08-12,Delhi,electrician,28
2025-08-13,Delhi,electrician,24
2025-08-14,Delhi,electrician,18
2025-08-15,Delhi,electrician,22
2025-08-16,Delhi,electrician,18
2025-08-17,Delhi,electrician,14
2025-08-18,Delhi,electrician,25
2025-08-19,Delhi,electrician,24
2025-08-20,Delhi,electrician,22
2025-08-21,Delhi,electrician,26
2025-08-22,Delhi,electrician,21
2025-08-23,Delhi,electrician,21
2025-08-24,Delhi,electrician,14
2025-08-25,Delhi,electrician,22
2025-08-26,Delhi,electrician,23
2025-08-27,Delhi,electrician,26
2025-08-28,Delhi,electrician,24
2025-08-29,Delhi,electrician,27
2025-08-30,Delhi,electrician,17
2025-08-31,Delhi,electrician,12
2025-09-01,Delhi,electrician,24
2025-09-02,Delhi,electrician,21
2025-09-03,Delhi,electrician,24
2025-09-04,Delhi,electrician,19
2025-09-05,Delhi,electrician,21
2025-09-06,Delhi,electrician,14
2025-09-07,Delhi,electrician,8
2025-09-08,Delhi,electrician,25
2025-09-09,Delhi,electrician,24
2025-09-10,Delhi,electrician,21
2025-09-11,Delhi,electrician,18
2025-09-12,Delhi,electrician,21
2025-09-13,Delhi,electrician,14
2025-09-14,Delhi,electrician,11
2025-09-15,Delhi,electrician,20
2025-09-16,Delhi,electrician,22
2025-09-17,Delhi,electrician,26
2025-09-18,Delhi,electrician,22
2025-09-19,Delhi,electrician,17
2025-09-20,Delhi,electrician,16
2025-09-21,Delhi,electrician,13
2025-09-22,Delhi,electrician,27
2025-09-23,Delhi,electrician,18
2025-09-24,Delhi,electrician,23
2025-09-25,Delhi,electrician,16
2025-09-26,Delhi,electrician,21
2025-09-27,Delhi,electrician,13
2025-09-28,Delhi,electrician,14
2025-09-29,Delhi,electrician,18
2025-09-30,Delhi,electrician,17
2025-10-01,Delhi,electrician,28
2025-10-02,Delhi,electrician,22
2025-10-03,Delhi,electrician,29
2025-10-04,Delhi,electrician,14
2025-10-05,Delhi,electrician,15
2025-10-06,Delhi,electrician,20
2025-10-07,Delhi,electrician,27
2025-10-08,Delhi,electrician,36
2025-10-09,Delhi,electrician,30
2025-10-10,Delhi,electrician,24
2025-10-11,Delhi,electrician,19
2025-10-12,Delhi,electrician,15
2025-10-13,Delhi,electrician,29
2025-10-14,Delhi,electrician,24
2025-10-15,Delhi,electrician,32
2025-10-16,Delhi,electrician,19
2025-10-17,Delhi,electrician,25
2025-10-18,Delhi,electrician,18
2025-10-19,Delhi,electrician,16
2025-10-20,Delhi,electrician,27
2025-10-21,Delhi,electrician,24
2025-10-22,Delhi,electrician,26
2025-10-23,Delhi,electrician,29
2025-10-24,Delhi,electrician,27
2025-10-25,Delhi,electrician,18
2025-10-26,Delhi,electrician,14
2025-10-27,Delhi,electrician,30
2025-10-28,Delhi,electrician,27
2025-10-29,Delhi,electrician,30
2025-10-30,Delhi,electrician,36
2025-10-31,Delhi,electrician,23
2025-11-01,Delhi,electrician,15
2025-11-02,Delhi,electrician,16
2025-11-03,Delhi,electrician,25
2025-11-04,Delhi,electrician,28
2025-11-05,Delhi,electrician,27
2025-11-06,Delhi,electrician,28
2025-11-07,Delhi,electrician,33
2025-11-08,Delhi,electrician,21
2025-11-09,Delhi,electrician,17
2025-11-10,Delhi,electrician,23
2025-11-11,Delhi,electrician,25
2025-11-12,Delhi,electrician,20
2025-11-13,Delhi,electrician,26
2025-11-14,Delhi,electrician,31
2025-11-15,Delhi,electrician,20
2025-11-16,Delhi,electrician,15
2025-11-17,Delhi,electrician,27
2025-11-18,Delhi,electrician,26
2025-11-19,Delhi,electrician,31
2025-11-20,Delhi,electrician,32
2025-11-21,Delhi,electrician,22
2025-11-22,Delhi,electrician,20
2025-11-23,Delhi,electrician,17
2025-11-24,Delhi,electrician,26
2025-11-25,Delhi,electrician,31
2025-11-26,Delhi,electrician,41
2025-11-27,Delhi,electrician,29
2025-11-28,Delhi,electrician,29
2025-11-29,Delhi,electrician,18
2025-11-30,Delhi,electrician,16
2025-12-01,Delhi,electrician,19
2025-12-02,Delhi,electrician,20
2025-12-03,Delhi,electrician,18
2025-12-04,Delhi,electrician,20
2025-12-05,Delhi,electrician,22
2025-12-06,Delhi,electrician,14
2025-12-07,Delhi,electrician,11
2025-12-08,Delhi,electrician,18
2025-12-09,Delhi,electrician,21
2025-12-10,Delhi,electrician,21
2025-12-11,Delhi,electrician,17
2025-12-12,Delhi,electrician,19
2025-12-13,Delhi,electrician,11
2025-12-14,Delhi,electrician,9
2025-12-15,Delhi,electrician,19
2025-12-16,Delhi,electrician,20
2025-12-17,Delhi,electrician,17
2025-12-18,Delhi,electrician,22
2025-12-19,Delhi,electrician,20
2025-12-20,Delhi,electrician,12
2025-12-21,Delhi,electrician,8
2025-12-22,Delhi,electrician,18
2025-12-23,Delhi,electrician,18
2025-12-24,Delhi,electrician,21
2025-12-25,Delhi,electrician,19
2025-12-26,Delhi,electrician,14
2025-12-27,Delhi,electrician,12
2025-12-28,Delhi,electrician,10
2025-12-29,Delhi,electrician,20
2025-12-30,Delhi,electrician,18
2025-12-31,Delhi,electrician,25
2026-01-01,Delhi,electrician,15
2026-01-02,Delhi,electrician,22
2026-01-03,Delhi,electrician,13
2026-01-04,Delhi,electrician,11
2026-01-05,Delhi,electrician,19
2026-01-06,Delhi,electrician,22
2026-01-07,Delhi,electrician,20
2026-01-08,Delhi,electrician,17
2026-01-09,Delhi,electrician,22
2026-01-10,Delhi,electrician,13
2026-01-11,Delhi,electrician,11
2026-01-12,Delhi,electrician,21
2026-01-13,Delhi,electrician,17
2026-01-14,Delhi,electrician,22
2026-01-15,Delhi,electrician,18
2026-01-16,Delhi,electrician,18
2026-01-17,Delhi,electrician,13
2026-01-18,Delhi,electrician,8
2026-01-19,Delhi,electrician,17
2026-01-20,Delhi,electrician,23
2026-01-21,Delhi,electrician,23
2026-01-22,Delhi,electrician,20
2026-01-23,Delhi,electrician,19
2026-01-24,Delhi,electrician,13
2026-01-25,Delhi,electrician,12
2026-01-26,Delhi,electrician,18
2026-01-27,Delhi,electrician,20
2026-01-28,Delhi,electrician,24
2026-01-29,Delhi,electrician,18
2026-01-30,Delhi,electrician,22
2026-01-31,Delhi,electrician,11
2026-02-01,Delhi,electrician,12
2026-02-02,Delhi,electrician,18
2026-02-03,Delhi,electrician,19
2026-02-04,Delhi,electrician,16
2026-02-05,Delhi,electrician,19
2026-02-06,Delhi,electrician,17
2026-02-07,Delhi,electrician,12
2026-02-08,Delhi,electrician,10
2026-02-09,Delhi,electrician,21
2026-02-10,Delhi,electrician,20
2026-02-11,Delhi,electrician,22
2026-02-12,Delhi,electrician,17
2026-02-13,Delhi,electrician,17
2026-02-14,Delhi,electrician,16
2026-02-15,Delhi,electrician,9
2026-02-16,Delhi,electrician,23
2026-02-17,Delhi,electrician,19
2026-02-18,Delhi,electrician,21
2026-02-19,Delhi,electrician,22
2026-02-20,Delhi,electrician,22
2026-02-21,Delhi,electrician,13
2026-02-22,Delhi,electrician,10
2026-02-23,Delhi,electrician,19
2026-02-24,Delhi,electrician,21
2026-02-25,Delhi,electrician,23
2026-02-26,Delhi,electrician,20
2026-02-27,Delhi,electrician,20
2026-02-28,Delhi,electrician,16
2026-03-01,Delhi,electrician,12
2026-03-02,Delhi,electrician,22
2026-03-03,Delhi,electrician,18
2026-03-04,Delhi,electrician,16
2026-03-05,Delhi,electrician,23
2026-03-06,Delhi,electrician,21
2026-03-07,Delhi,electrician,14
2026-03-08,Delhi,electrician,12
2026-03-09,Delhi,electrician,21
2026-03-10,Delhi,electrician,25
2026-03-11,Delhi,electrician,24
2026-03-12,Delhi,electrician,20
2026-03-13,Delhi,electrician,24
2026-03-14,Delhi,electrician,14
2026-03-15,Delhi,electrician,12
2026-03-16,Delhi,electrician,20
2026-03-17,Delhi,electrician,21
2026-03-18,Delhi,electrician,24
2026-03-19,Delhi,electrician,22
2026-03-20,Delhi,electrician,23
2026-03-21,Delhi,electrician,14
2026-03-22,Delhi,electrician,9
2026-03-23,Delhi,electrician,20
2026-03-24,Delhi,electrician,25
2026-03-25,Delhi,electrician,23
2026-03-26,Delhi,electrician,22
2026-03-27,Delhi,electrician,24
2026-03-28,Delhi,electrician,14
2026-03-29,Delhi,electrician,10
2026-03-30,Delhi,electrician,21
2026-03-31,Delhi,electrician,21
2026-04-01,Delhi,electrician,26
2026-04-02,Delhi,electrician,28
2026-04-03,Delhi,electrician,28
2026-04-04,Delhi,electrician,19
2026-04-05,Delhi,electrician,15
2026-04-06,Delhi,electrician,33
2026-04-07,Delhi,electrician,27
2026-04-08,Delhi,electrician,30
2026-04-09,Delhi,electrician,26
2026-04-10,Delhi,electrician,24
2026-04-11,Delhi,electrician,17
2026-04-12,Delhi,electrician,14
2026-04-13,Delhi,electrician,28
2026-04-14,Delhi,electrician,36
2026-04-15,Delhi,electrician,27
2026-04-16,Delhi,electrician,27
2026-04-17,Delhi,electrician,27
2026-04-18,Delhi,electrician,20
2026-04-19,Delhi,electrician,15
2026-04-20,Delhi,electrician,31
2026-04-21,Delhi,electrician,20
2026-04-22,Delhi,electrician,21
2026-04-23,Delhi,electrician,27
2026-04-24,Delhi,electrician,31
2026-04-25,Delhi,electrician,15
2026-04-26,Delhi,electrician,9
2026-04-27,Delhi,electrician,29
2026-04-28,Delhi,electrician,29
2026-04-29,Delhi,electrician,26
2026-04-30,Delhi,electrician,25
2026-05-01,Delhi,electrician,24
2026-05-02,Delhi,electrician,19
2026-05-03,Delhi,electrician,14
2026-05-04,Delhi,electrician,29
2026-05-05,Delhi,electrician,19
2026-05-06,Delhi,electrician,27
2026-05-07,Delhi,electrician,25
2026-05-08,Delhi,electrician,26
2026-05-09,Delhi,electrician,18
2026-05-10,Delhi,electrician,16
2026-05-11,Delhi,electrician,21
2026-05-12,Delhi,electrician,29
2026-05-13,Delhi,electrician,32
2026-05-14,Delhi,electrician,35
2026-05-15,Delhi,electrician,26
2026-05-16,Delhi,electrician,20
2026-05-17,Delhi,electrician,12
2026-05-18,Delhi,electrician,19
2026-05-19,Delhi,electrician,31
2026-05-20,Delhi,electrician,30
2026-05-21,Delhi,electrician,33
2026-05-22,Delhi,electrician,23
2026-05-23,Delhi,electrician,20
2026-05-24,Delhi,electrician,18
2026-05-25,Delhi,electrician,29
2026-05-26,Delhi,electrician,30
2026-05-27,Delhi,electrician,30
2026-05-28,Delhi,electrician,23
2026-05-29,Delhi,electrician,32
2026-05-30,Delhi,electrician,18
2026-05-31,Delhi,electrician,16
2026-06-01,Delhi,electrician,21
2026-06-02,Delhi,electrician,24
2026-06-03,Delhi,electrician,34
2026-06-04,Delhi,electrician,26
2026-06-05,Delhi,electrician,31
2026-06-06,Delhi,electrician,18
2026-06-07,Delhi,electrician,11
2026-06-08,Delhi,electrician,29
2026-06-09,Delhi,electrician,26
2026-06-10,Delhi,electrician,31
2026-06-11,Delhi,electrician,28
2026-06-12,Delhi,electrician,21
2026-06-13,Delhi,electrician,19
2026-06-14,Delhi,electrician,18
2026-06-15,Delhi,electrician,28
2026-06-16,Delhi,electrician,28
2026-06-17,Delhi,electrician,33
2026-06-18,Delhi,electrician,28
2026-06-19,Delhi,electrician,27
2026-06-20,Delhi,electrician,16
2026-06-21,Delhi,electrician,15
2026-06-22,Delhi,electrician,30
2026-06-23,Delhi,electrician,25
2026-06-24,Delhi,electrician,34
2026-06-25,Delhi,electrician,27
2026-06-26,Delhi,electrician,24
2026-06-27,Delhi,electrician,21
2026-06-28,Delhi,electrician,14
2026-06-29,Delhi,electrician,29
2026-06-30,Delhi,electrician,27
2026-07-01,Delhi,electrician,29
2026-07-02,Delhi,electrician,30
2026-07-03,Delhi,electrician,27
2026-07-04,Delhi,electrician,14
2026-07-05,Delhi,electrician,13
2026-07-06,Delhi,electrician,30
2026-07-07,Delhi,electrician,27
2026-07-08,Delhi,electrician,27
2026-07-09,Delhi,electrician,23
2026-07-10,Delhi,electrician,23
2026-07-11,Delhi,electrician,14
2026-07-12,Delhi,electrician,14
2026-07-13,Delhi,electrician,25
2026-07-14,Delhi,electrician,25
2026-07-15,Delhi,electrician,29
2026-07-16,Delhi,electrician,29
2026-07-17,Delhi,electrician,33
2026-07-18,Delhi,electrician,15
2026-07-19,Delhi,electrician,17
2026-07-20,Delhi,electrician,30
2026-07-21,Delhi,electrician,25
2026-07-22,Delhi,electrician,30
2026-07-23,Delhi,electrician,27
2026-07-24,Delhi,electrician,27
2026-07-25,Delhi,electrician,22
2026-07-26,Delhi,electrician,16
2026-07-27,Delhi,electrician,28
2026-07-28,Delhi,electrician,27
2026-07-29,Delhi,electrician,24
2026-07-30,Delhi,electrician,27
2026-07-31,Delhi,electrician,31
2026-08-01,Delhi,electrician,15
2026-08-02,Delhi,electrician,13
2026-08-03,Delhi,electrician,27
2026-08-04,Delhi,electrician,25
2026-08-05,Delhi,electrician,27
2026-08-06,Delhi,electrician,27
2026-08-07,Delhi,electrician,22
2026-08-08,Delhi,electrician,17
2026-08-09,Delhi,electrician,16
2026-08-10,Delhi,electrician,23
2026-08-11,Delhi,electrician,23
2026-08-12,Delhi,electrician,27
2026-08-13,Delhi,electrician,31
2026-08-14,Delhi,electrician,26
2026-08-15,Delhi,electrician,18
2026-08-16,Delhi,electrician,15
2026-08-17,Delhi,electrician,21
2026-08-18,Delhi,electrician,30
2026-08-19,Delhi,electrician,31
2026-08-20,Delhi,electrician,27
2026-08-21,Delhi,electrician,30
2026-08-22,Delhi,electrician,16
2026-08-23,Delhi,electrician,17
2026-08-24,Delhi,electrician,28
2026-08-25,Delhi,electrician,27
2026-08-26,Delhi,electrician,30
2026-08-27,Delhi,electrician,28
2026-08-28,Delhi,electrician,31
2025-08-01,Delhi,plumber,20
2025-08-02,Delhi,plumber,15
2025-08-03,Delhi,plumber,14
2025-08-04,Delhi,plumber,22
2025-08-05,Delhi,plumber,27
2025-08-06,Delhi,plumber,31
2025-08-07,Delhi,plumber,23
2025-08-08,Delhi,plumber,25
2025-08-09,Delhi,plumber,14
2025-08-10,Delhi,plumber,14
2025-08-11,Delhi,plumber,24
2025-08-12,Delhi,plumber,26
2025-08-13,Delhi,plumber,24
2025-08-14,Delhi,plumber,20
2025-08-15,Delhi,plumber,25
2025-08-16,Delhi,plumber,12
2025-08-17,Delhi,plumber,12
2025-08-18,Delhi,plumber,26
2025-08-19,Delhi,plumber,25
2025-08-20,Delhi,plumber,32
2025-08-21,Delhi,plumber,28
2025-08-22,Delhi,plumber,22
2025-08-23,Delhi,plumber,17
2025-08-24,Delhi,plumber,13
2025-08-25,Delhi,plumber,19
2025-08-26,Delhi,plumber,22
2025-08-27,Delhi,plumber,24
2025-08-28,Delhi,plumber,19
2025-08-29,Delhi,plumber,24
2025-08-30,Delhi,plumber,16
2025-08-31,Delhi,plumber,10
2025-09-01,Delhi,plumber,17
2025-09-02,Delhi,plumber,18
2025-09-03,Delhi,plumber,18
2025-09-04,Delhi,plumber,16
2025-09-05,Delhi,plumber,17
2025-09-06,Delhi,plumber,12
2025-09-07,Delhi,plumber,9
2025-09-08,Delhi,plumber,14
2025-09-09,Delhi,plumber,17
2025-09-10,Delhi,plumber,20
2025-09-11,Delhi,plumber,15
2025-09-12,Delhi,plumber,20
2025-09-13,Delhi,plumber,10
2025-09-14,Delhi,plumber,9
2025-09-15,Delhi,plumber,15
2025-09-16,Delhi,plumber,17
2025-09-17,Delhi,plumber,14
2025-09-18,Delhi,plumber,16
2025-09-19,Delhi,plumber,14
2025-09-20,Delhi,plumber,11
2025-09-21,Delhi,plumber,10
2025-09-22,Delhi,plumber,17
2025-09-23,Delhi,plumber,12
2025-09-24,Delhi,plumber,22
2025-09-25,Delhi,plumber,17
2025-09-26,Delhi,plumber,14
2025-09-27,Delhi,plumber,11
2025-09-28,Delhi,plumber,9
2025-09-29,Delhi,plumber,15
2025-09-30,Delhi,plumber,17
2025-10-01,Delhi,plumber,22
2025-10-02,Delhi,plumber,22
2025-10-03,Delhi,plumber,20
2025-10-04,Delhi,plumber,13
2025-10-05,Delhi,plumber,12
2025-10-06,Delhi,plumber,23
2025-10-07,Delhi,plumber,24
2025-10-08,Delhi,plumber,26
2025-10-09,Delhi,plumber,24
2025-10-10,Delhi,plumber,20
2025-10-11,Delhi,plumber,17
2025-10-12,Delhi,plumber,10
2025-10-13,Delhi,plumber,19
2025-10-14,Delhi,plumber,20
2025-10-15,Delhi,plumber,27
2025-10-16,Delhi,plumber,25
2025-10-17,Delhi,plumber,23
2025-10-18,Delhi,plumber,17
2025-10-19,Delhi,plumber,11
2025-10-20,Delhi,plumber,23
2025-10-21,Delhi,plumber,22
2025-10-22,Delhi,plumber,26
2025-10-23,Delhi,plumber,23
2025-10-24,Delhi,plumber,21
2025-10-25,Delhi,plumber,16
2025-10-26,Delhi,plumber,13
2025-10-27,Delhi,plumber,20
2025-10-28,Delhi,plumber,23
2025-10-29,Delhi,plumber,21
2025-10-30,Delhi,plumber,16
2025-10-31,Delhi,plumber,22
2025-11-01,Delhi,plumber,16
2025-11-02,Delhi,plumber,12
2025-11-03,Delhi,plumber,17
2025-11-04,Delhi,plumber,22
2025-11-05,Delhi,plumber,18
2025-11-06,Delhi,plumber,27
2025-11-07,Delhi,plumber,19
2025-11-08,Delhi,plumber,18
2025-11-09,Delhi,plumber,13
2025-11-10,Delhi,plumber,20
2025-11-11,Delhi,plumber,20
2025-11-12,Delhi,plumber,25
2025-11-13,Delhi,plumber,21
2025-11-14,Delhi,plumber,22
2025-11-15,Delhi,plumber,14
2025-11-16,Delhi,plumber,9
2025-11-17,Delhi,plumber,16
2025-11-18,Delhi,plumber,24
2025-11-19,Delhi,plumber,23
2025-11-20,Delhi,plumber,22
2025-11-21,Delhi,plumber,24
2025-11-22,Delhi,plumber,18
2025-11-23,Delhi,plumber,12
2025-11-24,Delhi,plumber,21
2025-11-25,Delhi,plumber,25
2025-11-26,Delhi,plumber,20
2025-11-27,Delhi,plumber,24
2025-11-28,Delhi,plumber,24
2025-11-29,Delhi,plumber,17
2025-11-30,Delhi,plumber,9
2025-12-01,Delhi,plumber,13
2025-12-02,Delhi,plumber,14
2025-12-03,Delhi,plumber,16
2025-12-04,Delhi,plumber,16
2025-12-05,Delhi,plumber,17
2025-12-06,Delhi,plumber,10
2025-12-07,Delhi,plumber,8
2025-12-08,Delhi,plumber,17
2025-12-09,Delhi,plumber,16
2025-12-10,Delhi,plumber,19
2025-12-11,Delhi,plumber,16
2025-12-12,Delhi,plumber,13
2025-12-13,Delhi,plumber,9
2025-12-14,Delhi,plumber,7
2025-12-15,Delhi,plumber,16
2025-12-16,Delhi,plumber,18
2025-12-17,Delhi,plumber,20
2025-12-18,Delhi,plumber,17
2025-12-19,Delhi,plumber,17
2025-12-20,Delhi,plumber,10
2025-12-21,Delhi,plumber,7
2025-12-22,Delhi,plumber,16
2025-12-23,Delhi,plumber,16
2025-12-24,Delhi,plumber,17
2025-12-25,Delhi,plumber,16
2025-12-26,Delhi,plumber,15
2025-12-27,Delhi,plumber,12
2025-12-28,Delhi,plumber,9
2025-12-29,Delhi,plumber,16
2025-12-30,Delhi,plumber,17
2025-12-31,Delhi,plumber,17
2026-01-01,Delhi,plumber,15
2026-01-02,Delhi,plumber,16
2026-01-03,Delhi,plumber,9
2026-01-04,Delhi,plumber,9
2026-01-05,Delhi,plumber,13
2026-01-06,Delhi,plumber,16
2026-01-07,Delhi,plumber,15
2026-01-08,Delhi,plumber,17
2026-01-09,Delhi,plumber,15
2026-01-10,Delhi,plumber,8
2026-01-11,Delhi,plumber,9
2026-01-12,Delhi,plumber,14
2026-01-13,Delhi,plumber,17
2026-01-14,Delhi,plumber,16
2026-01-15,Delhi,plumber,16
2026-01-16,Delhi,plumber,13
2026-01-17,Delhi,plumber,10
2026-01-18,Delhi,plumber,8
2026-01-19,Delhi,plumber,17
2026-01-20,Delhi,plumber,19
2026-01-21,Delhi,plumber,15
2026-01-22,Delhi,plumber,18
2026-01-23,Delhi,plumber,11
2026-01-24,Delhi,plumber,9
2026-01-25,Delhi,plumber,7
2026-01-26,Delhi,plumber,13
2026-01-27,Delhi,plumber,13
2026-01-28,Delhi,plumber,17
2026-01-29,Delhi,plumber,15
2026-01-30,Delhi,plumber,16
2026-01-31,Delhi,plumber,11
2026-02-01,Delhi,plumber,9
2026-02-02,Delhi,plumber,16
2026-02-03,Delhi,plumber,16
2026-02-04,Delhi,plumber,14
2026-02-05,Delhi,plumber,18
2026-02-06,Delhi,plumber,14
2026-02-07,Delhi,plumber,9
2026-02-08,Delhi,plumber,8
2026-02-09,Delhi,plumber,13
2026-02-10,Delhi,plumber,15
2026-02-11,Delhi,plumber,17
2026-02-12,Delhi,plumber,17
2026-02-13,Delhi,plumber,14
2026-02-14,Delhi,plumber,10
2026-02-15,Delhi,plumber,9
2026-02-16,Delhi,plumber,16
2026-02-17,Delhi,plumber,20
2026-02-18,Delhi,plumber,19
2026-02-19,Delhi,plumber,18
2026-02-20,Delhi,plumber,13
2026-02-21,Delhi,plumber,12
2026-02-22,Delhi,plumber,8
2026-02-23,Delhi,plumber,14
2026-02-24,Delhi,plumber,16
2026-02-25,Delhi,plumber,19
2026-02-26,Delhi,plumber,17
2026-02-27,Delhi,plumber,14
2026-02-28,Delhi,plumber,12
2026-03-01,Delhi,plumber,9
2026-03-02,Delhi,plumber,17
2026-03-03,Delhi,plumber,17
2026-03-04,Delhi,plumber,18
2026-03-05,Delhi,plumber,19
2026-03-06,Delhi,plumber,15
2026-03-07,Delhi,plumber,15
2026-03-08,Delhi,plumber,7
2026-03-09,Delhi,plumber,16
2026-03-10,Delhi,plumber,19
2026-03-11,Delhi,plumber,20
2026-03-12,Delhi,plumber,18
2026-03-13,Delhi,plumber,17
2026-03-14,Delhi,plumber,12
2026-03-15,Delhi,plumber,9
2026-03-16,Delhi,plumber,20
2026-03-17,Delhi,plumber,20
2026-03-18,Delhi,plumber,21
2026-03-19,Delhi,plumber,16
2026-03-20,Delhi,plumber,17
2026-03-21,Delhi,plumber,12
2026-03-22,Delhi,plumber,8
2026-03-23,Delhi,plumber,18
2026-03-24,Delhi,plumber,17
2026-03-25,Delhi,plumber,20
2026-03-26,Delhi,plumber,16
2026-03-27,Delhi,plumber,21
2026-03-28,Delhi,plumber,11
2026-03-29,Delhi,plumber,10
2026-03-30,Delhi,plumber,19
2026-03-31,Delhi,plumber,17
2026-04-01,Delhi,plumber,23
2026-04-02,Delhi,plumber,17
2026-04-03,Delhi,plumber,22
2026-04-04,Delhi,plumber,13
2026-04-05,Delhi,plumber,10
2026-04-06,Delhi,plumber,18
2026-04-07,Delhi,plumber,22
2026-04-08,Delhi,plumber,19
2026-04-09,Delhi,plumber,18
2026-04-10,Delhi,plumber,18
2026-04-11,Delhi,plumber,11
2026-04-12,Delhi,plumber,13
2026-04-13,Delhi,plumber,18
2026-04-14,Delhi,plumber,22
2026-04-15,Delhi,plumber,21
2026-04-16,Delhi,plumber,18
2026-04-17,Delhi,plumber,19
2026-04-18,Delhi,plumber,15
2026-04-19,Delhi,plumber,10
2026-04-20,Delhi,plumber,22
2026-04-21,Delhi,plumber,22
2026-04-22,Delhi,plumber,23
2026-04-23,Delhi,plumber,19
2026-04-24,Delhi,plumber,17
2026-04-25,Delhi,plumber,12
2026-04-26,Delhi,plumber,11
2026-04-27,Delhi,plumber,20
2026-04-28,Delhi,plumber,15
2026-04-29,Delhi,plumber,21
2026-04-30,Delhi,plumber,20
2026-05-01,Delhi,plumber,18
2026-05-02,Delhi,plumber,15
2026-05-03,Delhi,plumber,11
2026-05-04,Delhi,plumber,22
2026-05-05,Delhi,plumber,19
2026-05-06,Delhi,plumber,23
2026-05-07,Delhi,plumber,24
2026-05-08,Delhi,plumber,22
2026-05-09,Delhi,plumber,12
2026-05-10,Delhi,plumber,10
2026-05-11,Delhi,plumber,18
2026-05-12,Delhi,plumber,21
2026-05-13,Delhi,plumber,23
2026-05-14,Delhi,plumber,18
2026-05-15,Delhi,plumber,19
2026-05-16,Delhi,plumber,10
2026-05-17,Delhi,plumber,12
2026-05-18,Delhi,plumber,18
2026-05-19,Delhi,plumber,20
2026-05-20,Delhi,plumber,20
2026-05-21,Delhi,plumber,23
2026-05-22,Delhi,plumber,13
2026-05-23,Delhi,plumber,13
2026-05-24,Delhi,plumber,10
2026-05-25,Delhi,plumber,18
2026-05-26,Delhi,plumber,24
2026-05-27,Delhi,plumber,19
2026-05-28,Delhi,plumber,22
2026-05-29,Delhi,plumber,20
2026-05-30,Delhi,plumber,16
2026-05-31,Delhi,plumber,10
2026-06-01,Delhi,plumber,24
2026-06-02,Delhi,plumber,31
2026-06-03,Delhi,plumber,30
2026-06-04,Delhi,plumber,22
2026-06-05,Delhi,plumber,25
2026-06-06,Delhi,plumber,19
2026-06-07,Delhi,plumber,16
2026-06-08,Delhi,plumber,24
2026-06-09,Delhi,plumber,18
2026-06-10,Delhi,plumber,31
2026-06-11,Delhi,plumber,24
2026-06-12,Delhi,plumber,20
2026-06-13,Delhi,plumber,12
2026-06-14,Delhi,plumber,16
2026-06-15,Delhi,plumber,27
2026-06-16,Delhi,plumber,27
2026-06-17,Delhi,plumber,34
2026-06-18,Delhi,plumber,30
2026-06-19,Delhi,plumber,32
2026-06-20,Delhi,plumber,15
2026-06-21,Delhi,plumber,14
2026-06-22,Delhi,plumber,21
2026-06-23,Delhi,plumber,27
2026-06-24,Delhi,plumber,28
2026-06-25,Delhi,plumber,30
2026-06-26,Delhi,plumber,27
2026-06-27,Delhi,plumber,20
2026-06-28,Delhi,plumber,16
2026-06-29,Delhi,plumber,33
2026-06-30,Delhi,plumber,27
2026-07-01,Delhi,plumber,26
2026-07-02,Delhi,plumber,29
2026-07-03,Delhi,plumber,24
2026-07-04,Delhi,plumber,22
2026-07-05,Delhi,plumber,14
2026-07-06,Delhi,plumber,25
2026-07-07,Delhi,plumber,26
2026-07-08,Delhi,plumber,32
2026-07-09,Delhi,plumber,27
2026-07-10,Delhi,plumber,25
2026-07-11,Delhi,plumber,22
2026-07-12,Delhi,plumber,13
2026-07-13,Delhi,plumber,27
2026-07-14,Delhi,plumber,30
2026-07-15,Delhi,plumber,24
2026-07-16,Delhi,plumber,30
2026-07-17,Delhi,plumber,23
2026-07-18,Delhi,plumber,21
2026-07-19,Delhi,plumber,13
2026-07-20,Delhi,plumber,29
2026-07-21,Delhi,plumber,32
2026-07-22,Delhi,plumber,32
2026-07-23,Delhi,plumber,29
2026-07-24,Delhi,plumber,26
2026-07-25,Delhi,plumber,17
2026-07-26,Delhi,plumber,17
2026-07-27,Delhi,plumber,25
2026-07-28,Delhi,plumber,25
2026-07-29,Delhi,plumber,32
2026-07-30,Delhi,plumber,25
2026-07-31,Delhi,plumber,24
2026-08-01,Delhi,plumber,16
2026-08-02,Delhi,plumber,14
2026-08-03,Delhi,plumber,27
2026-08-04,Delhi,plumber,29
2026-08-05,Delhi,plumber,33
2026-08-06,Delhi,plumber,30
2026-08-07,Delhi,plumber,26
2026-08-08,Delhi,plumber,18
2026-08-09,Delhi,plumber,16
2026-08-10,Delhi,plumber,31
2026-08-11,Delhi,plumber,29
2026-08-12,Delhi,plumber,28
2026-08-13,Delhi,plumber,25
2026-08-14,Delhi,plumber,22
2026-08-15,Delhi,plumber,20
2026-08-16,Delhi,plumber,16
2026-08-17,Delhi,plumber,29
2026-08-18,Delhi,plumber,28
2026-08-19,Delhi,plumber,35
2026-08-20,Delhi,plumber,27
2026-08-21,Delhi,plumber,30
2026-08-22,Delhi,plumber,19
2026-08-23,Delhi,plumber,14
2026-08-24,Delhi,plumber,29
2026-08-25,Delhi,plumber,30
2026-08-26,Delhi,plumber,31
2026-08-27,Delhi,plumber,29
2026-08-28,Delhi,plumber,27
2025-08-01,Delhi,cleaner,24
2025-08-02,Delhi,cleaner,15
2025-08-03,Delhi,cleaner,11
2025-08-04,Delhi,cleaner,19
2025-08-05,Delhi,cleaner,22
2025-08-06,Delhi,cleaner,22
2025-08-07,Delhi,cleaner,20
2025-08-08,Delhi,cleaner,18
2025-08-09,Delhi,cleaner,13
2025-08-10,Delhi,cleaner,6
2025-08-11,Delhi,cleaner,19
2025-08-12,Delhi,cleaner,19
2025-08-13,Delhi,cleaner,25
2025-08-14,Delhi,cleaner,20
2025-08-15,Delhi,cleaner,16
2025-08-16,Delhi,cleaner,13
2025-08-17,Delhi,cleaner,9
2025-08-18,Delhi,cleaner,20
2025-08-19,Delhi,cleaner,20
2025-08-20,Delhi,cleaner,23
2025-08-21,Delhi,cleaner,18
2025-08-22,Delhi,cleaner,19
2025-08-23,Delhi,cleaner,11
2025-08-24,Delhi,cleaner,11
2025-08-25,Delhi,cleaner,20
2025-08-26,Delhi,cleaner,21
2025-08-27,Delhi,cleaner,21
2025-08-28,Delhi,cleaner,21
2025-08-29,Delhi,cleaner,23
2025-08-30,Delhi,cleaner,13
2025-08-31,Delhi,cleaner,11
2025-09-01,Delhi,cleaner,21
2025-09-02,Delhi,cleaner,22
2025-09-03,Delhi,cleaner,26
2025-09-04,Delhi,cleaner,28
2025-09-05,Delhi,cleaner,23
2025-09-06,Delhi,cleaner,16
2025-09-07,Delhi,cleaner,12
2025-09-08,Delhi,cleaner,22
2025-09-09,Delhi,cleaner,26
2025-09-10,Delhi,cleaner,21
2025-09-11,Delhi,cleaner,29
2025-09-12,Delhi,cleaner,22
2025-09-13,Delhi,cleaner,18
2025-09-14,Delhi,cleaner,11
2025-09-15,Delhi,cleaner,26
2025-09-16,Delhi,cleaner,27
2025-09-17,Delhi,cleaner,27
2025-09-18,Delhi,cleaner,22
2025-09-19,Delhi,cleaner,25
2025-09-20,Delhi,cleaner,14
2025-09-21,Delhi,cleaner,13
2025-09-22,Delhi,cleaner,27
2025-09-23,Delhi,cleaner,27
2025-09-24,Delhi,cleaner,26
2025-09-25,Delhi,cleaner,22
2025-09-26,Delhi,cleaner,26
2025-09-27,Delhi,cleaner,17
2025-09-28,Delhi,cleaner,10
2025-09-29,Delhi,cleaner,26
2025-09-30,Delhi,cleaner,25
2025-10-01,Delhi,cleaner,41
2025-10-02,Delhi,cleaner,30
2025-10-03,Delhi,cleaner,20
2025-10-04,Delhi,cleaner,23
2025-10-05,Delhi,cleaner,18
2025-10-06,Delhi,cleaner,26
2025-10-07,Delhi,cleaner,30
2025-10-08,Delhi,cleaner,47
2025-10-09,Delhi,cleaner,33
2025-10-10,Delhi,cleaner,35
2025-10-11,Delhi,cleaner,21
2025-10-12,Delhi,cleaner,13
2025-10-13,Delhi,cleaner,32
2025-10-14,Delhi,cleaner,33
2025-10-15,Delhi,cleaner,34
2025-10-16,Delhi,cleaner,34
2025-10-17,Delhi,cleaner,34
2025-10-18,Delhi,cleaner,22
2025-10-19,Delhi,cleaner,15
2025-10-20,Delhi,cleaner,35
2025-10-21,Delhi,cleaner,26
2025-10-22,Delhi,cleaner,27
2025-10-23,Delhi,cleaner,37
2025-10-24,Delhi,cleaner,35
2025-10-25,Delhi,cleaner,23
2025-10-26,Delhi,cleaner,15
2025-10-27,Delhi,cleaner,30
2025-10-28,Delhi,cleaner,33
2025-10-29,Delhi,cleaner,29
2025-10-30,Delhi,cleaner,31
2025-10-31,Delhi,cleaner,35
2025-11-01,Delhi,cleaner,27
2025-11-02,Delhi,cleaner,17
2025-11-03,Delhi,cleaner,36
2025-11-04,Delhi,cleaner,27
2025-11-05,Delhi,cleaner,39
2025-11-06,Delhi,cleaner,31
2025-11-07,Delhi,cleaner,34
2025-11-08,Delhi,cleaner,22
2025-11-09,Delhi,cleaner,21
2025-11-10,Delhi,cleaner,29
2025-11-11,Delhi,cleaner,37
2025-11-12,Delhi,cleaner,35
2025-11-13,Delhi,cleaner,34
2025-11-14,Delhi,cleaner,32
2025-11-15,Delhi,cleaner,21
2025-11-16,Delhi,cleaner,18
2025-11-17,Delhi,cleaner,33
2025-11-18,Delhi,cleaner,36
2025-11-19,Delhi,cleaner,37
2025-11-20,Delhi,cleaner,38
2025-11-21,Delhi,cleaner,37
2025-11-22,Delhi,cleaner,20
2025-11-23,Delhi,cleaner,20
2025-11-24,Delhi,cleaner,28
2025-11-25,Delhi,cleaner,37
2025-11-26,Delhi,cleaner,39
2025-11-27,Delhi,cleaner,27
2025-11-28,Delhi,cleaner,33
2025-11-29,Delhi,cleaner,22
2025-11-30,Delhi,cleaner,17
2025-12-01,Delhi,cleaner,26
2025-12-02,Delhi,cleaner,21
2025-12-03,Delhi,cleaner,22
2025-12-04,Delhi,cleaner,23
2025-12-05,Delhi,cleaner,24
2025-12-06,Delhi,cleaner,15
2025-12-07,Delhi,cleaner,14
2025-12-08,Delhi,cleaner,24
2025-12-09,Delhi,cleaner,17
2025-12-10,Delhi,cleaner,23
2025-12-11,Delhi,cleaner,22
2025-12-12,Delhi,cleaner,23
2025-12-13,Delhi,cleaner,11
2025-12-14,Delhi,cleaner,16
2025-12-15,Delhi,cleaner,24
2025-12-16,Delhi,cleaner,24
2025-12-17,Delhi,cleaner,28
2025-12-18,Delhi,cleaner,30
2025-12-19,Delhi,cleaner,25
2025-12-20,Delhi,cleaner,17
2025-12-21,Delhi,cleaner,12
2025-12-22,Delhi,cleaner,22
2025-12-23,Delhi,cleaner,22
2025-12-24,Delhi,cleaner,22
2025-12-25,Delhi,cleaner,21
2025-12-26,Delhi,cleaner,19
2025-12-27,Delhi,cleaner,15
2025-12-28,Delhi,cleaner,10
2025-12-29,Delhi,cleaner,23
2025-12-30,Delhi,cleaner,23
2025-12-31,Delhi,cleaner,25
2026-01-01,Delhi,cleaner,22
2026-01-02,Delhi,cleaner,31
2026-01-03,Delhi,cleaner,18
2026-01-04,Delhi,cleaner,10
2026-01-05,Delhi,cleaner,23
2026-01-06,Delhi,cleaner,22
2026-01-07,Delhi,cleaner,22
2026-01-08,Delhi,cleaner,20
2026-01-09,Delhi,cleaner,24
2026-01-10,Delhi,cleaner,14
2026-01-11,Delhi,cleaner,14
2026-01-12,Delhi,cleaner,25
2026-01-13,Delhi,cleaner,27
2026-01-14,Delhi,cleaner,22
2026-01-15,Delhi,cleaner,25
2026-01-16,Delhi,cleaner,24
2026-01-17,Delhi,cleaner,15
2026-01-18,Delhi,cleaner,11
2026-01-19,Delhi,cleaner,27
2026-01-20,Delhi,cleaner,24
2026-01-21,Delhi,cleaner,27
2026-01-22,Delhi,cleaner,21
2026-01-23,Delhi,cleaner,19
2026-01-24,Delhi,cleaner,15
2026-01-25,Delhi,cleaner,12
2026-01-26,Delhi,cleaner,20
2026-01-27,Delhi,cleaner,24
2026-01-28,Delhi,cleaner,20
2026-01-29,Delhi,cleaner,21
2026-01-30,Delhi,cleaner,24
2026-01-31,Delhi,cleaner,17
2026-02-01,Delhi,cleaner,12
2026-02-02,Delhi,cleaner,20
2026-02-03,Delhi,cleaner,21
2026-02-04,Delhi,cleaner,24
2026-02-05,Delhi,cleaner,26
2026-02-06,Delhi,cleaner,25
2026-02-07,Delhi,cleaner,15
2026-02-08,Delhi,cleaner,11
2026-02-09,Delhi,cleaner,23
2026-02-10,Delhi,cleaner,21
2026-02-11,Delhi,cleaner,23
2026-02-12,Delhi,cleaner,28
2026-02-13,Delhi,cleaner,25
2026-02-14,Delhi,cleaner,16
2026-02-15,Delhi,cleaner,11
2026-02-16,Delhi,cleaner,23
2026-02-17,Delhi,cleaner,27
2026-02-18,Delhi,cleaner,24
2026-02-19,Delhi,cleaner,28
2026-02-20,Delhi,cleaner,26
2026-02-21,Delhi,cleaner,19
2026-02-22,Delhi,cleaner,13
2026-02-23,Delhi,cleaner,24
2026-02-24,Delhi,cleaner,28
2026-02-25,Delhi,cleaner,26
2026-02-26,Delhi,cleaner,23
2026-02-27,Delhi,cleaner,22
2026-02-28,Delhi,cleaner,16
2026-03-01,Delhi,cleaner,12
2026-03-02,Delhi,cleaner,25
2026-03-03,Delhi,cleaner,30
2026-03-04,Delhi,cleaner,21
2026-03-05,Delhi,cleaner,32
2026-03-06,Delhi,cleaner,29
2026-03-07,Delhi,cleaner,17
2026-03-08,Delhi,cleaner,15
2026-03-09,Delhi,cleaner,25
2026-03-10,Delhi,cleaner,31
2026-03-11,Delhi,cleaner,31
2026-03-12,Delhi,cleaner,22
2026-03-13,Delhi,cleaner,27
2026-03-14,Delhi,cleaner,17
2026-03-15,Delhi,cleaner,14
2026-03-16,Delhi,cleaner,23
2026-03-17,Delhi,cleaner,32
2026-03-18,Delhi,cleaner,32
2026-03-19,Delhi,cleaner,24
2026-03-20,Delhi,cleaner,21
2026-03-21,Delhi,cleaner,17
2026-03-22,Delhi,cleaner,15
2026-03-23,Delhi,cleaner,26
2026-03-24,Delhi,cleaner,31
2026-03-25,Delhi,cleaner,31
2026-03-26,Delhi,cleaner,30
2026-03-27,Delhi,cleaner,27
2026-03-28,Delhi,cleaner,15
2026-03-29,Delhi,cleaner,14
2026-03-30,Delhi,cleaner,29
2026-03-31,Delhi,cleaner,27
2026-04-01,Delhi,cleaner,33
2026-04-02,Delhi,cleaner,29
2026-04-03,Delhi,cleaner,25
2026-04-04,Delhi,cleaner,19
2026-04-05,Delhi,cleaner,16
2026-04-06,Delhi,cleaner,26
2026-04-07,Delhi,cleaner,29
2026-04-08,Delhi,cleaner,28
2026-04-09,Delhi,cleaner,34
2026-04-10,Delhi,cleaner,27
2026-04-11,Delhi,cleaner,23
2026-04-12,Delhi,cleaner,18
2026-04-13,Delhi,cleaner,28
2026-04-14,Delhi,cleaner,26
2026-04-15,Delhi,cleaner,23
2026-04-16,Delhi,cleaner,25
2026-04-17,Delhi,cleaner,24
2026-04-18,Delhi,cleaner,23
2026-04-19,Delhi,cleaner,16
2026-04-20,Delhi,cleaner,30
2026-04-21,Delhi,cleaner,22
2026-04-22,Delhi,cleaner,27
2026-04-23,Delhi,cleaner,33
2026-04-24,Delhi,cleaner,29
2026-04-25,Delhi,cleaner,20
2026-04-26,Delhi,cleaner,17
2026-04-27,Delhi,cleaner,34
2026-04-28,Delhi,cleaner,29
2026-04-29,Delhi,cleaner,32
2026-04-30,Delhi,cleaner,31
2026-05-01,Delhi,cleaner,37
2026-05-02,Delhi,cleaner,15
2026-05-03,Delhi,cleaner,17
2026-05-04,Delhi,cleaner,28
2026-05-05,Delhi,cleaner,32
2026-05-06,Delhi,cleaner,29
2026-05-07,Delhi,cleaner,30
2026-05-08,Delhi,cleaner,31
2026-05-09,Delhi,cleaner,28
2026-05-10,Delhi,cleaner,17
2026-05-11,Delhi,cleaner,26
2026-05-12,Delhi,cleaner,29
2026-05-13,Delhi,cleaner,30
2026-05-14,Delhi,cleaner,24
2026-05-15,Delhi,cleaner,28
2026-05-16,Delhi,cleaner,22
2026-05-17,Delhi,cleaner,13
2026-05-18,Delhi,cleaner,32
2026-05-19,Delhi,cleaner,32
2026-05-20,Delhi,cleaner,29
2026-05-21,Delhi,cleaner,30
2026-05-22,Delhi,cleaner,34
2026-05-23,Delhi,cleaner,22
2026-05-24,Delhi,cleaner,16
2026-05-25,Delhi,cleaner,28
2026-05-26,Delhi,cleaner,31
2026-05-27,Delhi,cleaner,30
2026-05-28,Delhi,cleaner,23
2026-05-29,Delhi,cleaner,36
2026-05-30,Delhi,cleaner,21
2026-05-31,Delhi,cleaner,17
2026-06-01,Delhi,cleaner,21
2026-06-02,Delhi,cleaner,20
2026-06-03,Delhi,cleaner,23
2026-06-04,Delhi,cleaner,18
2026-06-05,Delhi,cleaner,27
2026-06-06,Delhi,cleaner,13
2026-06-07,Delhi,cleaner,10
2026-06-08,Delhi,cleaner,20
2026-06-09,Delhi,cleaner,26
2026-06-10,Delhi,cleaner,23
2026-06-11,Delhi,cleaner,19
2026-06-12,Delhi,cleaner,24
2026-06-13,Delhi,cleaner,16
2026-06-14,Delhi,cleaner,12
2026-06-15,Delhi,cleaner,23
2026-06-16,Delhi,cleaner,29
2026-06-17,Delhi,cleaner,29
2026-06-18,Delhi,cleaner,20
2026-06-19,Delhi,cleaner,25
2026-06-20,Delhi,cleaner,15
2026-06-21,Delhi,cleaner,12
2026-06-22,Delhi,cleaner,17
2026-06-23,Delhi,cleaner,22
2026-06-24,Delhi,cleaner,21
2026-06-25,Delhi,cleaner,24
2026-06-26,Delhi,cleaner,24
2026-06-27,Delhi,cleaner,11
2026-06-28,Delhi,cleaner,12
2026-06-29,Delhi,cleaner,24
2026-06-30,Delhi,cleaner,22
2026-07-01,Delhi,cleaner,25
2026-07-02,Delhi,cleaner,23
2026-07-03,Delhi,cleaner,22
2026-07-04,Delhi,cleaner,14
2026-07-05,Delhi,cleaner,10
2026-07-06,Delhi,cleaner,18
2026-07-07,Delhi,cleaner,24
2026-07-08,Delhi,cleaner,23
2026-07-09,Delhi,cleaner,22
2026-07-10,Delhi,cleaner,20
2026-07-11,Delhi,cleaner,14
2026-07-12,Delhi,cleaner,13
2026-07-13,Delhi,cleaner,20
2026-07-14,Delhi,cleaner,19
2026-07-15,Delhi,cleaner,26
2026-07-16,Delhi,cleaner,22
2026-07-17,Delhi,cleaner,21
2026-07-18,Delhi,cleaner,18
2026-07-19,Delhi,cleaner,12
2026-07-20,Delhi,cleaner,22
2026-07-21,Delhi,cleaner,19
2026-07-22,Delhi,cleaner,23
2026-07-23,Delhi,cleaner,24
2026-07-24,Delhi,cleaner,17
2026-07-25,Delhi,cleaner,15
2026-07-26,Delhi,cleaner,12
2026-07-27,Delhi,cleaner,22
2026-07-28,Delhi,cleaner,25
2026-07-29,Delhi,cleaner,25
2026-07-30,Delhi,cleaner,27
2026-07-31,Delhi,cleaner,19
2026-08-01,Delhi,cleaner,15
2026-08-02,Delhi,cleaner,12
2026-08-03,Delhi,cleaner,19
2026-08-04,Delhi,cleaner,25
2026-08-05,Delhi,cleaner,30
2026-08-06,Delhi,cleaner,23
2026-08-07,Delhi,cleaner,23
2026-08-08,Delhi,cleaner,15
2026-08-09,Delhi,cleaner,11
2026-08-10,Delhi,cleaner,17
2026-08-11,Delhi,cleaner,21
2026-08-12,Delhi,cleaner,20
2026-08-13,Delhi,cleaner,27
2026-08-14,Delhi,cleaner,21
2026-08-15,Delhi,cleaner,14
2026-08-16,Delhi,cleaner,13
2026-08-17,Delhi,cleaner,19
2026-08-18,Delhi,cleaner,21
2026-08-19,Delhi,cleaner,24
2026-08-20,Delhi,cleaner,25
2026-08-21,Delhi,cleaner,23
2026-08-22,Delhi,cleaner,16
2026-08-23,Delhi,cleaner,12
2026-08-24,Delhi,cleaner,23
2026-08-25,Delhi,cleaner,23
2026-08-26,Delhi,cleaner,21
2026-08-27,Delhi,cleaner,23
2026-08-28,Delhi,cleaner,19
2025-08-01,Delhi,carpenter,8
2025-08-02,Delhi,carpenter,5
2025-08-03,Delhi,carpenter,7
2025-08-04,Delhi,carpenter,8
2025-08-05,Delhi,carpenter,7
2025-08-06,Delhi,carpenter,9
2025-08-07,Delhi,carpenter,9
2025-08-08,Delhi,carpenter,10
2025-08-09,Delhi,carpenter,5
2025-08-10,Delhi,carpenter,3
2025-08-11,Delhi,carpenter,9
2025-08-12,Delhi,carpenter,7
2025-08-13,Delhi,carpenter,9
2025-08-14,Delhi,carpenter,9
2025-08-15,Delhi,carpenter,8
2025-08-16,Delhi,carpenter,7
2025-08-17,Delhi,carpenter,4
2025-08-18,Delhi,carpenter,8
2025-08-19,Delhi,carpenter,9
2025-08-20,Delhi,carpenter,9
2025-08-21,Delhi,carpenter,9
2025-08-22,Delhi,carpenter,9
2025-08-23,Delhi,carpenter,7
2025-08-24,Delhi,carpenter,5
2025-08-25,Delhi,carpenter,9
2025-08-26,Delhi,carpenter,7
2025-08-27,Delhi,carpenter,9
2025-08-28,Delhi,carpenter,9
2025-08-29,Delhi,carpenter,9
2025-08-30,Delhi,carpenter,5
2025-08-31,Delhi,carpenter,4
2025-09-01,Delhi,carpenter,10
2025-09-02,Delhi,carpenter,12
2025-09-03,Delhi,carpenter,13
2025-09-04,Delhi,carpenter,11
2025-09-05,Delhi,carpenter,12
2025-09-06,Delhi,carpenter,8
2025-09-07,Delhi,carpenter,6
2025-09-08,Delhi,carpenter,10
2025-09-09,Delhi,carpenter,12
2025-09-10,Delhi,carpenter,12
2025-09-11,Delhi,carpenter,14
2025-09-12,Delhi,carpenter,9
2025-09-13,Delhi,carpenter,8
2025-09-14,Delhi,carpenter,5
2025-09-15,Delhi,carpenter,9
2025-09-16,Delhi,carpenter,11
2025-09-17,Delhi,carpenter,12
2025-09-18,Delhi,carpenter,15
2025-09-19,Delhi,carpenter,10
2025-09-20,Delhi,carpenter,6
2025-09-21,Delhi,carpenter,6
2025-09-22,Delhi,carpenter,8
2025-09-23,Delhi,carpenter,11
2025-09-24,Delhi,carpenter,12
2025-09-25,Delhi,carpenter,12
2025-09-26,Delhi,carpenter,12
2025-09-27,Delhi,carpenter,7
2025-09-28,Delhi,carpenter,6
2025-09-29,Delhi,carpenter,10
2025-09-30,Delhi,carpenter,10
2025-10-01,Delhi,carpenter,16
2025-10-02,Delhi,carpenter,13
2025-10-03,Delhi,carpenter,14
2025-10-04,Delhi,carpenter,9
2025-10-05,Delhi,carpenter,8
2025-10-06,Delhi,carpenter,18
2025-10-07,Delhi,carpenter,13
2025-10-08,Delhi,carpenter,12
2025-10-09,Delhi,carpenter,15
2025-10-10,Delhi,carpenter,14
2025-10-11,Delhi,carpenter,10
2025-10-12,Delhi,carpenter,7
2025-10-13,Delhi,carpenter,14
2025-10-14,Delhi,carpenter,16
2025-10-15,Delhi,carpenter,18
2025-10-16,Delhi,carpenter,12
2025-10-17,Delhi,carpenter,14
2025-10-18,Delhi,carpenter,10
2025-10-19,Delhi,carpenter,7
2025-10-20,Delhi,carpenter,17
2025-10-21,Delhi,carpenter,14
2025-10-22,Delhi,carpenter,16
2025-10-23,Delhi,carpenter,16
2025-10-24,Delhi,carpenter,13
2025-10-25,Delhi,carpenter,8
2025-10-26,Delhi,carpenter,8
2025-10-27,Delhi,carpenter,16
2025-10-28,Delhi,carpenter,15
2025-10-29,Delhi,carpenter,14
2025-10-30,Delhi,carpenter,17
2025-10-31,Delhi,carpenter,14
2025-11-01,Delhi,carpenter,10
2025-11-02,Delhi,carpenter,8
2025-11-03,Delhi,carpenter,16
2025-11-04,Delhi,carpenter,20
2025-11-05,Delhi,carpenter,18
2025-11-06,Delhi,carpenter,17
2025-11-07,Delhi,carpenter,14
2025-11-08,Delhi,carpenter,9
2025-11-09,Delhi,carpenter,8
2025-11-10,Delhi,carpenter,15
2025-11-11,Delhi,carpenter,13
2025-11-12,Delhi,carpenter,16
2025-11-13,Delhi,carpenter,16
2025-11-14,Delhi,carpenter,15
2025-11-15,Delhi,carpenter,11
2025-11-16,Delhi,carpenter,8
2025-11-17,Delhi,carpenter,14
2025-11-18,Delhi,carpenter,14
2025-11-19,Delhi,carpenter,14
2025-11-20,Delhi,carpenter,19
2025-11-21,Delhi,carpenter,15
2025-11-22,Delhi,carpenter,10
2025-11-23,Delhi,carpenter,7
2025-11-24,Delhi,carpenter,20
2025-11-25,Delhi,carpenter,13
2025-11-26,Delhi,carpenter,15
2025-11-27,Delhi,carpenter,16
2025-11-28,Delhi,carpenter,16
2025-11-29,Delhi,carpenter,11
2025-11-30,Delhi,carpenter,10
2025-12-01,Delhi,carpenter,10
2025-12-02,Delhi,carpenter,9
2025-12-03,Delhi,carpenter,10
2025-12-04,Delhi,carpenter,11
2025-12-05,Delhi,carpenter,12
2025-12-06,Delhi,carpenter,5
2025-12-07,Delhi,carpenter,7
2025-12-08,Delhi,carpenter,10
2025-12-09,Delhi,carpenter,11
2025-12-10,Delhi,carpenter,11
2025-12-11,Delhi,carpenter,9
2025-12-12,Delhi,carpenter,11
2025-12-13,Delhi,carpenter,8
2025-12-14,Delhi,carpenter,6
2025-12-15,Delhi,carpenter,10
2025-12-16,Delhi,carpenter,10
2025-12-17,Delhi,carpenter,9
2025-12-18,Delhi,carpenter,11
2025-12-19,Delhi,carpenter,10
2025-12-20,Delhi,carpenter,6
2025-12-21,Delhi,carpenter,5
2025-12-22,Delhi,carpenter,9
2025-12-23,Delhi,carpenter,9
2025-12-24,Delhi,carpenter,10
2025-12-25,Delhi,carpenter,9
2025-12-26,Delhi,carpenter,9
2025-12-27,Delhi,carpenter,6
2025-12-28,Delhi,carpenter,4
2025-12-29,Delhi,carpenter,12
2025-12-30,Delhi,carpenter,12
2025-12-31,Delhi,carpenter,10
2026-01-01,Delhi,carpenter,11
2026-01-02,Delhi,carpenter,10
2026-01-03,Delhi,carpenter,8
2026-01-04,Delhi,carpenter,5
2026-01-05,Delhi,carpenter,11
2026-01-06,Delhi,carpenter,10
2026-01-07,Delhi,carpenter,9
2026-01-08,Delhi,carpenter,11
2026-01-09,Delhi,carpenter,12
2026-01-10,Delhi,carpenter,10
2026-01-11,Delhi,carpenter,4
2026-01-12,Delhi,carpenter,11
2026-01-13,Delhi,carpenter,10
2026-01-14,Delhi,carpenter,12
2026-01-15,Delhi,carpenter,9
2026-01-16,Delhi,carpenter,8
2026-01-17,Delhi,carpenter,6
2026-01-18,Delhi,carpenter,6
2026-01-19,Delhi,carpenter,9
2026-01-20,Delhi,carpenter,11
2026-01-21,Delhi,carpenter,12
2026-01-22,Delhi,carpenter,11
2026-01-23,Delhi,carpenter,12
2026-01-24,Delhi,carpenter,7
2026-01-25,Delhi,carpenter,4
2026-01-26,Delhi,carpenter,12
2026-01-27,Delhi,carpenter,10
2026-01-28,Delhi,carpenter,12
2026-01-29,Delhi,carpenter,13
2026-01-30,Delhi,carpenter,11
2026-01-31,Delhi,carpenter,6
2026-02-01,Delhi,carpenter,5
2026-02-02,Delhi,carpenter,12
2026-02-03,Delhi,carpenter,10
2026-02-04,Delhi,carpenter,11
2026-02-05,Delhi,carpenter,12
2026-02-06,Delhi,carpenter,11
2026-02-07,Delhi,carpenter,7
2026-02-08,Delhi,carpenter,5
2026-02-09,Delhi,carpenter,10
2026-02-10,Delhi,carpenter,12
2026-02-11,Delhi,carpenter,12
2026-02-12,Delhi,carpenter,10
2026-02-13,Delhi,carpenter,11
2026-02-14,Delhi,carpenter,7
2026-02-15,Delhi,carpenter,5
2026-02-16,Delhi,carpenter,9
2026-02-17,Delhi,carpenter,9
2026-02-18,Delhi,carpenter,11
2026-02-19,Delhi,carpenter,12
2026-02-20,Delhi,carpenter,9
2026-02-21,Delhi,carpenter,7
2026-02-22,Delhi,carpenter,5
2026-02-23,Delhi,carpenter,10
2026-02-24,Delhi,carpenter,9
2026-02-25,Delhi,carpenter,11
2026-02-26,Delhi,carpenter,10
2026-02-27,Delhi,carpenter,11
2026-02-28,Delhi,carpenter,7
2026-03-01,Delhi,carpenter,5
2026-03-02,Delhi,carpenter,13
2026-03-03,Delhi,carpenter,12
2026-03-04,Delhi,carpenter,13
2026-03-05,Delhi,carpenter,12
2026-03-06,Delhi,carpenter,11
2026-03-07,Delhi,carpenter,8
2026-03-08,Delhi,carpenter,7
2026-03-09,Delhi,carpenter,9
2026-03-10,Delhi,carpenter,11
2026-03-11,Delhi,carpenter,12
2026-03-12,Delhi,carpenter,12
2026-03-13,Delhi,carpenter,13
2026-03-14,Delhi,carpenter,7
2026-03-15,Delhi,carpenter,6
2026-03-16,Delhi,carpenter,11
2026-03-17,Delhi,carpenter,11
2026-03-18,Delhi,carpenter,12
2026-03-19,Delhi,carpenter,13
2026-03-20,Delhi,carpenter,10
2026-03-21,Delhi,carpenter,8
2026-03-22,Delhi,carpenter,5
2026-03-23,Delhi,carpenter,11
2026-03-24,Delhi,carpenter,11
2026-03-25,Delhi,carpenter,15
2026-03-26,Delhi,carpenter,12
2026-03-27,Delhi,carpenter,8
2026-03-28,Delhi,carpenter,6
2026-03-29,Delhi,carpenter,6
2026-03-30,Delhi,carpenter,12
2026-03-31,Delhi,carpenter,13
2026-04-01,Delhi,carpenter,16
2026-04-02,Delhi,carpenter,17
2026-04-03,Delhi,carpenter,13
2026-04-04,Delhi,carpenter,11
2026-04-05,Delhi,carpenter,6
2026-04-06,Delhi,carpenter,13
2026-04-07,Delhi,carpenter,12
2026-04-08,Delhi,carpenter,15
2026-04-09,Delhi,carpenter,15
2026-04-10,Delhi,carpenter,15
2026-04-11,Delhi,carpenter,10
2026-04-12,Delhi,carpenter,7
2026-04-13,Delhi,carpenter,14
2026-04-14,Delhi,carpenter,12
2026-04-15,Delhi,carpenter,18
2026-04-16,Delhi,carpenter,15
2026-04-17,Delhi,carpenter,14
2026-04-18,Delhi,carpenter,12
2026-04-19,Delhi,carpenter,7
2026-04-20,Delhi,carpenter,12
2026-04-21,Delhi,carpenter,13
2026-04-22,Delhi,carpenter,16
2026-04-23,Delhi,carpenter,16
2026-04-24,Delhi,carpenter,16
2026-04-25,Delhi,carpenter,13
2026-04-26,Delhi,carpenter,6
2026-04-27,Delhi,carpenter,15
2026-04-28,Delhi,carpenter,14
2026-04-29,Delhi,carpenter,15
2026-04-30,Delhi,carpenter,14
2026-05-01,Delhi,carpenter,13
2026-05-02,Delhi,carpenter,12
2026-05-03,Delhi,carpenter,9
2026-05-04,Delhi,carpenter,14
2026-05-05,Delhi,carpenter,18
2026-05-06,Delhi,carpenter,13
2026-05-07,Delhi,carpenter,13
2026-05-08,Delhi,carpenter,11
2026-05-09,Delhi,carpenter,9
2026-05-10,Delhi,carpenter,8
2026-05-11,Delhi,carpenter,15
2026-05-12,Delhi,carpenter,15
2026-05-13,Delhi,carpenter,13
2026-05-14,Delhi,carpenter,17
2026-05-15,Delhi,carpenter,15
2026-05-16,Delhi,carpenter,11
2026-05-17,Delhi,carpenter,6
2026-05-18,Delhi,carpenter,15
2026-05-19,Delhi,carpenter,13
2026-05-20,Delhi,carpenter,15
2026-05-21,Delhi,carpenter,16
2026-05-22,Delhi,carpenter,15
2026-05-23,Delhi,carpenter,9
2026-05-24,Delhi,carpenter,8
2026-05-25,Delhi,carpenter,12
2026-05-26,Delhi,carpenter,17
2026-05-27,Delhi,carpenter,16
2026-05-28,Delhi,carpenter,17
2026-05-29,Delhi,carpenter,14
2026-05-30,Delhi,carpenter,10
2026-05-31,Delhi,carpenter,7
2026-06-01,Delhi,carpenter,10
2026-06-02,Delhi,carpenter,9
2026-06-03,Delhi,carpenter,11
2026-06-04,Delhi,carpenter,9
2026-06-05,Delhi,carpenter,7
2026-06-06,Delhi,carpenter,6
2026-06-07,Delhi,carpenter,4
2026-06-08,Delhi,carpenter,9
2026-06-09,Delhi,carpenter,8
2026-06-10,Delhi,carpenter,11
2026-06-11,Delhi,carpenter,10
2026-06-12,Delhi,carpenter,9
2026-06-13,Delhi,carpenter,7
2026-06-14,Delhi,carpenter,6
2026-06-15,Delhi,carpenter,9
2026-06-16,Delhi,carpenter,9
2026-06-17,Delhi,carpenter,8
2026-06-18,Delhi,carpenter,9
2026-06-19,Delhi,carpenter,9
2026-06-20,Delhi,carpenter,7
2026-06-21,Delhi,carpenter,5
2026-06-22,Delhi,carpenter,10
2026-06-23,Delhi,carpenter,9
2026-06-24,Delhi,carpenter,10
2026-06-25,Delhi,carpenter,11
2026-06-26,Delhi,carpenter,10
2026-06-27,Delhi,carpenter,7
2026-06-28,Delhi,carpenter,5
2026-06-29,Delhi,carpenter,9
2026-06-30,Delhi,carpenter,9
2026-07-01,Delhi,carpenter,10
2026-07-02,Delhi,carpenter,11
2026-07-03,Delhi,carpenter,9
2026-07-04,Delhi,carpenter,5
2026-07-05,Delhi,carpenter,7
2026-07-06,Delhi,carpenter,10
2026-07-07,Delhi,carpenter,8
2026-07-08,Delhi,carpenter,10
2026-07-09,Delhi,carpenter,10
2026-07-10,Delhi,carpenter,11
2026-07-11,Delhi,carpenter,6
2026-07-12,Delhi,carpenter,6
2026-07-13,Delhi,carpenter,11
2026-07-14,Delhi,carpenter,9
2026-07-15,Delhi,carpenter,10
2026-07-16,Delhi,carpenter,9
2026-07-17,Delhi,carpenter,9
2026-07-18,Delhi,carpenter,7
2026-07-19,Delhi,carpenter,6
2026-07-20,Delhi,carpenter,11
2026-07-21,Delhi,carpenter,9
2026-07-22,Delhi,carpenter,8
2026-07-23,Delhi,carpenter,10
2026-07-24,Delhi,carpenter,10
2026-07-25,Delhi,carpenter,7
2026-07-26,Delhi,carpenter,5
2026-07-27,Delhi,carpenter,10
2026-07-28,Delhi,carpenter,12
2026-07-29,Delhi,carpenter,11
2026-07-30,Delhi,carpenter,10
2026-07-31,Delhi,carpenter,9
2026-08-01,Delhi,carpenter,7
2026-08-02,Delhi,carpenter,7
2026-08-03,Delhi,carpenter,9
2026-08-04,Delhi,carpenter,10
2026-08-05,Delhi,carpenter,10
2026-08-06,Delhi,carpenter,11
2026-08-07,Delhi,carpenter,12
2026-08-08,Delhi,carpenter,7
2026-08-09,Delhi,carpenter,5
2026-08-10,Delhi,carpenter,10
2026-08-11,Delhi,carpenter,7
2026-08-12,Delhi,carpenter,11
2026-08-13,Delhi,carpenter,10
2026-08-14,Delhi,carpenter,10
2026-08-15,Delhi,carpenter,6
2026-08-16,Delhi,carpenter,5
2026-08-17,Delhi,carpenter,9
2026-08-18,Delhi,carpenter,11
2026-08-19,Delhi,carpenter,10
2026-08-20,Delhi,carpenter,13
2026-08-21,Delhi,carpenter,10
2026-08-22,Delhi,carpenter,5
2026-08-23,Delhi,carpenter,5
2026-08-24,Delhi,carpenter,9
2026-08-25,Delhi,carpenter,7
2026-08-26,Delhi,carpenter,13
2026-08-27,Delhi,carpenter,11
2026-08-28,Delhi,carpenter,10
2025-08-01,Delhi,painter,6
2025-08-02,Delhi,painter,3
2025-08-03,Delhi,painter,3
2025-08-04,Delhi,painter,7
2025-08-05,Delhi,painter,6
2025-08-06,Delhi,painter,4
2025-08-07,Delhi,painter,6
2025-08-08,Delhi,painter,6
2025-08-09,Delhi,painter,5
2025-08-10,Delhi,painter,4
2025-08-11,Delhi,painter,7
2025-08-12,Delhi,painter,7
2025-08-13,Delhi,painter,8
2025-08-14,Delhi,painter,5
2025-08-15,Delhi,painter,7
2025-08-16,Delhi,painter,5
2025-08-17,Delhi,painter,2
2025-08-18,Delhi,painter,5
2025-08-19,Delhi,painter,6
2025-08-20,Delhi,painter,6
2025-08-21,Delhi,painter,7
2025-08-22,Delhi,painter,6
2025-08-23,Delhi,painter,4
2025-08-24,Delhi,painter,3
2025-08-25,Delhi,painter,7
2025-08-26,Delhi,painter,7
2025-08-27,Delhi,painter,7
2025-08-28,Delhi,painter,7
2025-08-29,Delhi,painter,8
2025-08-30,Delhi,painter,4
2025-08-31,Delhi,painter,5
2025-09-01,Delhi,painter,8
2025-09-02,Delhi,painter,8
2025-09-03,Delhi,painter,11
2025-09-04,Delhi,painter,7
2025-09-05,Delhi,painter,8
2025-09-06,Delhi,painter,4
2025-09-07,Delhi,painter,5
2025-09-08,Delhi,painter,10
2025-09-09,Delhi,painter,10
2025-09-10,Delhi,painter,10
2025-09-11,Delhi,painter,8
2025-09-12,Delhi,painter,8
2025-09-13,Delhi,painter,4
2025-09-14,Delhi,painter,6
2025-09-15,Delhi,painter,8
2025-09-16,Delhi,painter,8
2025-09-17,Delhi,painter,10
2025-09-18,Delhi,painter,7
2025-09-19,Delhi,painter,8
2025-09-20,Delhi,painter,5
2025-09-21,Delhi,painter,5
2025-09-22,Delhi,painter,8
2025-09-23,Delhi,painter,7
2025-09-24,Delhi,painter,9
2025-09-25,Delhi,painter,9
2025-09-26,Delhi,painter,8
2025-09-27,Delhi,painter,6
2025-09-28,Delhi,painter,3
2025-09-29,Delhi,painter,8
2025-09-30,Delhi,painter,8
2025-10-01,Delhi,painter,13
2025-10-02,Delhi,painter,11
2025-10-03,Delhi,painter,12
2025-10-04,Delhi,painter,9
2025-10-05,Delhi,painter,7
2025-10-06,Delhi,painter,11
2025-10-07,Delhi,painter,10
2025-10-08,Delhi,painter,12
2025-10-09,Delhi,painter,11
2025-10-10,Delhi,painter,10
2025-10-11,Delhi,painter,7
2025-10-12,Delhi,painter,5
2025-10-13,Delhi,painter,8
2025-10-14,Delhi,painter,10
2025-10-15,Delhi,painter,12
2025-10-16,Delhi,painter,10
2025-10-17,Delhi,painter,11
2025-10-18,Delhi,painter,10
2025-10-19,Delhi,painter,7
2025-10-20,Delhi,painter,13
2025-10-21,Delhi,painter,12
2025-10-22,Delhi,painter,14
2025-10-23,Delhi,painter,10
2025-10-24,Delhi,painter,10
2025-10-25,Delhi,painter,5
2025-10-26,Delhi,painter,7
2025-10-27,Delhi,painter,13
2025-10-28,Delhi,painter,11
2025-10-29,Delhi,painter,12
2025-10-30,Delhi,painter,10
2025-10-31,Delhi,painter,11
2025-11-01,Delhi,painter,9
2025-11-02,Delhi,painter,4
2025-11-03,Delhi,painter,11
2025-11-04,Delhi,painter,11
2025-11-05,Delhi,painter,12
2025-11-06,Delhi,painter,12
2025-11-07,Delhi,painter,11
2025-11-08,Delhi,painter,8
2025-11-09,Delhi,painter,6
2025-11-10,Delhi,painter,12
2025-11-11,Delhi,painter,12
2025-11-12,Delhi,painter,12
2025-11-13,Delhi,painter,10
2025-11-14,Delhi,painter,10
2025-11-15,Delhi,painter,9
2025-11-16,Delhi,painter,6
2025-11-17,Delhi,painter,12
2025-11-18,Delhi,painter,14
2025-11-19,Delhi,painter,14
2025-11-20,Delhi,painter,12
2025-11-21,Delhi,painter,10
2025-11-22,Delhi,painter,5
2025-11-23,Delhi,painter,6
2025-11-24,Delhi,painter,11
2025-11-25,Delhi,painter,12
2025-11-26,Delhi,painter,12
2025-11-27,Delhi,painter,11
2025-11-28,Delhi,painter,9
2025-11-29,Delhi,painter,7
2025-11-30,Delhi,painter,7
2025-12-01,Delhi,painter,9
2025-12-02,Delhi,painter,8
2025-12-03,Delhi,painter,8
2025-12-04,Delhi,painter,9
2025-12-05,Delhi,painter,7
2025-12-06,Delhi,painter,6
2025-12-07,Delhi,painter,3
2025-12-08,Delhi,painter,8
2025-12-09,Delhi,painter,8
2025-12-10,Delhi,painter,8
2025-12-11,Delhi,painter,7
2025-12-12,Delhi,painter,8
2025-12-13,Delhi,painter,7
2025-12-14,Delhi,painter,3
2025-12-15,Delhi,painter,7
2025-12-16,Delhi,painter,8
2025-12-17,Delhi,painter,9
2025-12-18,Delhi,painter,7
2025-12-19,Delhi,painter,5
2025-12-20,Delhi,painter,7
2025-12-21,Delhi,painter,5
2025-12-22,Delhi,painter,6
2025-12-23,Delhi,painter,7
2025-12-24,Delhi,painter,10
2025-12-25,Delhi,painter,9
2025-12-26,Delhi,painter,8
2025-12-27,Delhi,painter,5
2025-12-28,Delhi,painter,4
2025-12-29,Delhi,painter,7
2025-12-30,Delhi,painter,9
2025-12-31,Delhi,painter,7
2026-01-01,Delhi,painter,7
2026-01-02,Delhi,painter,8
2026-01-03,Delhi,painter,5
2026-01-04,Delhi,painter,5
2026-01-05,Delhi,painter,7
2026-01-06,Delhi,painter,8
2026-01-07,Delhi,painter,7
2026-01-08,Delhi,painter,8
2026-01-09,Delhi,painter,6
2026-01-10,Delhi,painter,5
2026-01-11,Delhi,painter,3
2026-01-12,Delhi,painter,8
2026-01-13,Delhi,painter,9
2026-01-14,Delhi,painter,7
2026-01-15,Delhi,painter,9
2026-01-16,Delhi,painter,10
2026-01-17,Delhi,painter,5
2026-01-18,Delhi,painter,3
2026-01-19,Delhi,painter,10
2026-01-20,Delhi,painter,7
2026-01-21,Delhi,painter,8
2026-01-22,Delhi,painter,8
2026-01-23,Delhi,painter,9
2026-01-24,Delhi,painter,6
2026-01-25,Delhi,painter,4
2026-01-26,Delhi,painter,7
2026-01-27,Delhi,painter,8
2026-01-28,Delhi,painter,7
2026-01-29,Delhi,painter,8
2026-01-30,Delhi,painter,7
2026-01-31,Delhi,painter,4
2026-02-01,Delhi,painter,5
2026-02-02,Delhi,painter,7
2026-02-03,Delhi,painter,7
2026-02-04,Delhi,painter,8
2026-02-05,Delhi,painter,8
2026-02-06,Delhi,painter,6
2026-02-07,Delhi,painter,6
2026-02-08,Delhi,painter,3
2026-02-09,Delhi,painter,9
2026-02-10,Delhi,painter,8
2026-02-11,Delhi,painter,8
2026-02-12,Delhi,painter,7
2026-02-13,Delhi,painter,7
2026-02-14,Delhi,painter,6
2026-02-15,Delhi,painter,4
2026-02-16,Delhi,painter,7
2026-02-17,Delhi,painter,8
2026-02-18,Delhi,painter,8
2026-02-19,Delhi,painter,8
2026-02-20,Delhi,painter,6
2026-02-21,Delhi,painter,6
2026-02-22,Delhi,painter,4
2026-02-23,Delhi,painter,7
2026-02-24,Delhi,painter,10
2026-02-25,Delhi,painter,8
2026-02-26,Delhi,painter,7
2026-02-27,Delhi,painter,8
2026-02-28,Delhi,painter,6
2026-03-01,Delhi,painter,5
2026-03-02,Delhi,painter,8
2026-03-03,Delhi,painter,9
2026-03-04,Delhi,painter,9
2026-03-05,Delhi,painter,9
2026-03-06,Delhi,painter,7
2026-03-07,Delhi,painter,6
2026-03-08,Delhi,painter,6
2026-03-09,Delhi,painter,8
2026-03-10,Delhi,painter,8
2026-03-11,Delhi,painter,9
2026-03-12,Delhi,painter,8
2026-03-13,Delhi,painter,6
2026-03-14,Delhi,painter,6
2026-03-15,Delhi,painter,5
2026-03-16,Delhi,painter,8
2026-03-17,Delhi,painter,9
2026-03-18,Delhi,painter,9
2026-03-19,Delhi,painter,10
2026-03-20,Delhi,painter,8
2026-03-21,Delhi,painter,5
2026-03-22,Delhi,painter,4
2026-03-23,Delhi,painter,9
2026-03-24,Delhi,painter,10
2026-03-25,Delhi,painter,9
2026-03-26,Delhi,painter,9
2026-03-27,Delhi,painter,9
2026-03-28,Delhi,painter,5
2026-03-29,Delhi,painter,5
2026-03-30,Delhi,painter,7
2026-03-31,Delhi,painter,7
2026-04-01,Delhi,painter,12
2026-04-02,Delhi,painter,11
2026-04-03,Delhi,painter,11
2026-04-04,Delhi,painter,7
2026-04-05,Delhi,painter,5
2026-04-06,Delhi,painter,11
2026-04-07,Delhi,painter,10
2026-04-08,Delhi,painter,14
2026-04-09,Delhi,painter,9
2026-04-10,Delhi,painter,10
2026-04-11,Delhi,painter,6
2026-04-12,Delhi,painter,6
2026-04-13,Delhi,painter,10
2026-04-14,Delhi,painter,11
2026-04-15,Delhi,painter,13
2026-04-16,Delhi,painter,11
2026-04-17,Delhi,painter,11
2026-04-18,Delhi,painter,7
2026-04-19,Delhi,painter,5
2026-04-20,Delhi,painter,11
2026-04-21,Delhi,painter,11
2026-04-22,Delhi,painter,13
2026-04-23,Delhi,painter,11
2026-04-24,Delhi,painter,11
2026-04-25,Delhi,painter,6
2026-04-26,Delhi,painter,8
2026-04-27,Delhi,painter,11
2026-04-28,Delhi,painter,12
2026-04-29,Delhi,painter,11
2026-04-30,Delhi,painter,12
2026-05-01,Delhi,painter,9
2026-05-02,Delhi,painter,8
2026-05-03,Delhi,painter,6
2026-05-04,Delhi,painter,11
2026-05-05,Delhi,painter,12
2026-05-06,Delhi,painter,10
2026-05-07,Delhi,painter,10
2026-05-08,Delhi,painter,11
2026-05-09,Delhi,painter,10
2026-05-10,Delhi,painter,6
2026-05-11,Delhi,painter,12
2026-05-12,Delhi,painter,11
2026-05-13,Delhi,painter,15
2026-05-14,Delhi,painter,9
2026-05-15,Delhi,painter,11
2026-05-16,Delhi,painter,6
2026-05-17,Delhi,painter,3
2026-05-18,Delhi,painter,11
2026-05-19,Delhi,painter,12
2026-05-20,Delhi,painter,12
2026-05-21,Delhi,painter,11
2026-05-22,Delhi,painter,15
2026-05-23,Delhi,painter,7
2026-05-24,Delhi,painter,7
2026-05-25,Delhi,painter,10
2026-05-26,Delhi,painter,12
2026-05-27,Delhi,painter,12
2026-05-28,Delhi,painter,11
2026-05-29,Delhi,painter,13
2026-05-30,Delhi,painter,9
2026-05-31,Delhi,painter,6
2026-06-01,Delhi,painter,5
2026-06-02,Delhi,painter,7
2026-06-03,Delhi,painter,10
2026-06-04,Delhi,painter,7
2026-06-05,Delhi,painter,8
2026-06-06,Delhi,painter,6
2026-06-07,Delhi,painter,4
2026-06-08,Delhi,painter,6
2026-06-09,Delhi,painter,5
2026-06-10,Delhi,painter,8
2026-06-11,Delhi,painter,7
2026-06-12,Delhi,painter,7
2026-06-13,Delhi,painter,4
2026-06-14,Delhi,painter,4
2026-06-15,Delhi,painter,7
2026-06-16,Delhi,painter,8
2026-06-17,Delhi,painter,7
2026-06-18,Delhi,painter,9
2026-06-19,Delhi,painter,6
2026-06-20,Delhi,painter,3
2026-06-21,Delhi,painter,4
2026-06-22,Delhi,painter,7
2026-06-23,Delhi,painter,8
2026-06-24,Delhi,painter,9
2026-06-25,Delhi,painter,7
2026-06-26,Delhi,painter,7
2026-06-27,Delhi,painter,4
2026-06-28,Delhi,painter,5
2026-06-29,Delhi,painter,7
2026-06-30,Delhi,painter,7
2026-07-01,Delhi,painter,6
2026-07-02,Delhi,painter,9
2026-07-03,Delhi,painter,6
2026-07-04,Delhi,painter,4
2026-07-05,Delhi,painter,4
2026-07-06,Delhi,painter,6
2026-07-07,Delhi,painter,6
2026-07-08,Delhi,painter,6
2026-07-09,Delhi,painter,8
2026-07-10,Delhi,painter,7
2026-07-11,Delhi,painter,8
2026-07-12,Delhi,painter,3
2026-07-13,Delhi,painter,6
2026-07-14,Delhi,painter,7
2026-07-15,Delhi,painter,8
2026-07-16,Delhi,painter,7
2026-07-17,Delhi,painter,8
2026-07-18,Delhi,painter,4
2026-07-19,Delhi,painter,3
2026-07-20,Delhi,painter,5
2026-07-21,Delhi,painter,5
2026-07-22,Delhi,painter,7
2026-07-23,Delhi,painter,7
2026-07-24,Delhi,painter,6
2026-07-25,Delhi,painter,6
2026-07-26,Delhi,painter,5
2026-07-27,Delhi,painter,7
2026-07-28,Delhi,painter,6
2026-07-29,Delhi,painter,7
2026-07-30,Delhi,painter,7
2026-07-31,Delhi,painter,6
2026-08-01,Delhi,painter,4
2026-08-02,Delhi,painter,3
2026-08-03,Delhi,painter,7
2026-08-04,Delhi,painter,7
2026-08-05,Delhi,painter,8
2026-08-06,Delhi,painter,8
2026-08-07,Delhi,painter,6
2026-08-08,Delhi,painter,6
2026-08-09,Delhi,painter,3
2026-08-10,Delhi,painter,6
2026-08-11,Delhi,painter,8
2026-08-12,Delhi,painter,7
2026-08-13,Delhi,painter,8
2026-08-14,Delhi,painter,5
2026-08-15,Delhi,painter,6
2026-08-16,Delhi,painter,5
2026-08-17,Delhi,painter,6
2026-08-18,Delhi,painter,6
2026-08-19,Delhi,painter,10
2026-08-20,Delhi,painter,7
2026-08-21,Delhi,painter,6
2026-08-22,Delhi,painter,3
2026-08-23,Delhi,painter,4
2026-08-24,Delhi,painter,7
2026-08-25,Delhi,painter,8
2026-08-26,Delhi,painter,7
2026-08-27,Delhi,painter,6
2026-08-28,Delhi,painter,8
2025-08-01,Bengaluru,electrician,24
2025-08-02,Bengaluru,electrician,12
2025-08-03,Bengaluru,electrician,13
2025-08-04,Bengaluru,electrician,22
2025-08-05,Bengaluru,electrician,26
2025-08-06,Bengaluru,electrician,24
2025-08-07,Bengaluru,electrician,16
2025-08-08,Bengaluru,electrician,21
2025-08-09,Bengaluru,electrician,17
2025-08-10,Bengaluru,electrician,11
2025-08-11,Bengaluru,electrician,21
2025-08-12,Bengaluru,electrician,22
2025-08-13,Bengaluru,electrician,16
2025-08-14,Bengaluru,electrician,27
2025-08-15,Bengaluru,electrician,19
2025-08-16,Bengaluru,electrician,16
2025-08-17,Bengaluru,electrician,12
2025-08-18,Bengaluru,electrician,25
2025-08-19,Bengaluru,electrician,24
2025-08-20,Bengaluru,electrician,23
2025-08-21,Bengaluru,electrician,20
2025-08-22,Bengaluru,electrician,24
2025-08-23,Bengaluru,electrician,12
2025-08-24,Bengaluru,electrician,13
2025-08-25,Bengaluru,electrician,19
2025-08-26,Bengaluru,electrician,26
2025-08-27,Bengaluru,electrician,24
2025-08-28,Bengaluru,electrician,25
2025-08-29,Bengaluru,electrician,22
2025-08-30,Bengaluru,electrician,12
2025-08-31,Bengaluru,electrician,11
2025-09-01,Bengaluru,electrician,20
2025-09-02,Bengaluru,electrician,20
2025-09-03,Bengaluru,electrician,23
2025-09-04,Bengaluru,electrician,20
2025-09-05,Bengaluru,electrician,16
2025-09-06,Bengaluru,electrician,12
2025-09-07,Bengaluru,electrician,10
2025-09-08,Bengaluru,electrician,13
2025-09-09,Bengaluru,electrician,23
2025-09-10,Bengaluru,electrician,21
2025-09-11,Bengaluru,electrician,22
2025-09-12,Bengaluru,electrician,15
2025-09-13,Bengaluru,electrician,15
2025-09-14,Bengaluru,electrician,13
2025-09-15,Bengaluru,electrician,15
2025-09-16,Bengaluru,electrician,21
2025-09-17,Bengaluru,electrician,20
2025-09-18,Bengaluru,electrician,16
2025-09-19,Bengaluru,electrician,19
2025-09-20,Bengaluru,electrician,14
2025-09-21,Bengaluru,electrician,9
2025-09-22,Bengaluru,electrician,21
2025-09-23,Bengaluru,electrician,15
2025-09-24,Bengaluru,electrician,17
2025-09-25,Bengaluru,electrician,20
2025-09-26,Bengaluru,electrician,18
2025-09-27,Bengaluru,electrician,12
2025-09-28,Bengaluru,electrician,11
2025-09-29,Bengaluru,electrician,20
2025-09-30,Bengaluru,electrician,21
2025-10-01,Bengaluru,electrician,27
2025-10-02,Bengaluru,electrician,28
2025-10-03,Bengaluru,electrician,24
2025-10-04,Bengaluru,electrician,22
2025-10-05,Bengaluru,electrician,12
2025-10-06,Bengaluru,electrician,31
2025-10-07,Bengaluru,electrician,26
2025-10-08,Bengaluru,electrician,23
2025-10-09,Bengaluru,electrician,31
2025-10-10,Bengaluru,electrician,25
2025-10-11,Bengaluru,electrician,19
2025-10-12,Bengaluru,electrician,16
2025-10-13,Bengaluru,electrician,26
2025-10-14,Bengaluru,electrician,24
2025-10-15,Bengaluru,electrician,31
2025-10-16,Bengaluru,electrician,26
2025-10-17,Bengaluru,electrician,27
2025-10-18,Bengaluru,electrician,13
2025-10-19,Bengaluru,electrician,15
2025-10-20,Bengaluru,electrician,23
2025-10-21,Bengaluru,electrician,32
2025-10-22,Bengaluru,electrician,30
2025-10-23,Bengaluru,electrician,27
2025-10-24,Bengaluru,electrician,27
2025-10-25,Bengaluru,electrician,15
2025-10-26,Bengaluru,electrician,17
2025-10-27,Bengaluru,electrician,31
2025-10-28,Bengaluru,electrician,28
2025-10-29,Bengaluru,electrician,33
2025-10-30,Bengaluru,electrician,25
2025-10-31,Bengaluru,electrician,23
2025-11-01,Bengaluru,electrician,18
2025-11-02,Bengaluru,electrician,15
2025-11-03,Bengaluru,electrician,24
2025-11-04,Bengaluru,electrician,28
2025-11-05,Bengaluru,electrician,29
2025-11-06,Bengaluru,electrician,23
2025-11-07,Bengaluru,electrician,27
2025-11-08,Bengaluru,electrician,20
2025-11-09,Bengaluru,electrician,14
2025-11-10,Bengaluru,electrician,29
2025-11-11,Bengaluru,electrician,23
2025-11-12,Bengaluru,electrician,29
2025-11-13,Bengaluru,electrician,23
2025-11-14,Bengaluru,electrician,22
2025-11-15,Bengaluru,electrician,16
2025-11-16,Bengaluru,electrician,12
2025-11-17,Bengaluru,electrician,24
2025-11-18,Bengaluru,electrician,26
2025-11-19,Bengaluru,electrician,31
2025-11-20,Bengaluru,electrician,26
2025-11-21,Bengaluru,electrician,21
2025-11-22,Bengaluru,electrician,20
2025-11-23,Bengaluru,electrician,13
2025-11-24,Bengaluru,electrician,25
2025-11-25,Bengaluru,electrician,28
2025-11-26,Bengaluru,electrician,29
2025-11-27,Bengaluru,electrician,30
2025-11-28,Bengaluru,electrician,27
2025-11-29,Bengaluru,electrician,16
2025-11-30,Bengaluru,electrician,18
2025-12-01,Bengaluru,electrician,17
2025-12-02,Bengaluru,electrician,18
2025-12-03,Bengaluru,electrician,21
2025-12-04,Bengaluru,electrician,18
2025-12-05,Bengaluru,electrician,18
2025-12-06,Bengaluru,electrician,15
2025-12-07,Bengaluru,electrician,9
2025-12-08,Bengaluru,electrician,16
2025-12-09,Bengaluru,electrician,18
2025-12-10,Bengaluru,electrician,21
2025-12-11,Bengaluru,electrician,15
2025-12-12,Bengaluru,electrician,13
2025-12-13,Bengaluru,electrician,11
2025-12-14,Bengaluru,electrician,8
2025-12-15,Bengaluru,electrician,16
2025-12-16,Bengaluru,electrician,19
2025-12-17,Bengaluru,electrician,17
2025-12-18,Bengaluru,electrician,15
2025-12-19,Bengaluru,electrician,17
2025-12-20,Bengaluru,electrician,13
2025-12-21,Bengaluru,electrician,8
2025-12-22,Bengaluru,electrician,19
2025-12-23,Bengaluru,electrician,20
2025-12-24,Bengaluru,electrician,21
2025-12-25,Bengaluru,electrician,21
2025-12-26,Bengaluru,electrician,22
2025-12-27,Bengaluru,electrician,11
2025-12-28,Bengaluru,electrician,10
2025-12-29,Bengaluru,electrician,16
2025-12-30,Bengaluru,electrician,18
2025-12-31,Bengaluru,electrician,22
2026-01-01,Bengaluru,electrician,15
2026-01-02,Bengaluru,electrician,15
2026-01-03,Bengaluru,electrician,14
2026-01-04,Bengaluru,electrician,11
2026-01-05,Bengaluru,electrician,16
2026-01-06,Bengaluru,electrician,20
2026-01-07,Bengaluru,electrician,20
2026-01-08,Bengaluru,electrician,21
2026-01-09,Bengaluru,electrician,17
2026-01-10,Bengaluru,electrician,14
2026-01-11,Bengaluru,electrician,12
2026-01-12,Bengaluru,electrician,19
2026-01-13,Bengaluru,electrician,18
2026-01-14,Bengaluru,electrician,21
2026-01-15,Bengaluru,electrician,17
2026-01-16,Bengaluru,electrician,22
2026-01-17,Bengaluru,electrician,12
2026-01-18,Bengaluru,electrician,9
2026-01-19,Bengaluru,electrician,16
2026-01-20,Bengaluru,electrician,21
2026-01-21,Bengaluru,electrician,21
2026-01-22,Bengaluru,electrician,17
2026-01-23,Bengaluru,electrician,19
2026-01-24,Bengaluru,electrician,10
2026-01-25,Bengaluru,electrician,10
2026-01-26,Bengaluru,electrician,18
2026-01-27,Bengaluru,electrician,22
2026-01-28,Bengaluru,electrician,17
2026-01-29,Bengaluru,electrician,15
2026-01-30,Bengaluru,electrician,16
2026-01-31,Bengaluru,electrician,10
2026-02-01,Bengaluru,electrician,11
2026-02-02,Bengaluru,electrician,21
2026-02-03,Bengaluru,electrician,19
2026-02-04,Bengaluru,electrician,22
2026-02-05,Bengaluru,electrician,19
2026-02-06,Bengaluru,electrician,17
2026-02-07,Bengaluru,electrician,12
2026-02-08,Bengaluru,electrician,9
2026-02-09,Bengaluru,electrician,14
2026-02-10,Bengaluru,electrician,19
2026-02-11,Bengaluru,electrician,19
2026-02-12,Bengaluru,electrician,20
2026-02-13,Bengaluru,electrician,18
2026-02-14,Bengaluru,electrician,12
2026-02-15,Bengaluru,electrician,9
2026-02-16,Bengaluru,electrician,18
2026-02-17,Bengaluru,electrician,20
2026-02-18,Bengaluru,electrician,17
2026-02-19,Bengaluru,electrician,19
2026-02-20,Bengaluru,electrician,18
2026-02-21,Bengaluru,electrician,11
2026-02-22,Bengaluru,electrician,9
2026-02-23,Bengaluru,electrician,18
2026-02-24,Bengaluru,electrician,16
2026-02-25,Bengaluru,electrician,20
2026-02-26,Bengaluru,electrician,16
2026-02-27,Bengaluru,electrician,20
2026-02-28,Bengaluru,electrician,16
2026-03-01,Bengaluru,electrician,10
2026-03-02,Bengaluru,electrician,21
2026-03-03,Bengaluru,electrician,19
2026-03-04,Bengaluru,electrician,24
2026-03-05,Bengaluru,electrician,17
2026-03-06,Bengaluru,electrician,21
2026-03-07,Bengaluru,electrician,12
2026-03-08,Bengaluru,electrician,10
2026-03-09,Bengaluru,electrician,17
2026-03-10,Bengaluru,electrician,23
2026-03-11,Bengaluru,electrician,19
2026-03-12,Bengaluru,electrician,22
2026-03-13,Bengaluru,electrician,19
2026-03-14,Bengaluru,electrician,14
2026-03-15,Bengaluru,electrician,11
2026-03-16,Bengaluru,electrician,18
2026-03-17,Bengaluru,electrician,21
2026-03-18,Bengaluru,electrician,26
2026-03-19,Bengaluru,electrician,19
2026-03-20,Bengaluru,electrician,22
2026-03-21,Bengaluru,electrician,16
2026-03-22,Bengaluru,electrician,10
2026-03-23,Bengaluru,electrician,16
2026-03-24,Bengaluru,electrician,21
2026-03-25,Bengaluru,electrician,20
2026-03-26,Bengaluru,electrician,25
2026-03-27,Bengaluru,electrician,20
2026-03-28,Bengaluru,electrician,12
2026-03-29,Bengaluru,electrician,9
2026-03-30,Bengaluru,electrician,22
2026-03-31,Bengaluru,electrician,19
2026-04-01,Bengaluru,electrician,27
2026-04-02,Bengaluru,electrician,29
2026-04-03,Bengaluru,electrician,23
2026-04-04,Bengaluru,electrician,17
2026-04-05,Bengaluru,electrician,14
2026-04-06,Bengaluru,electrician,27
2026-04-07,Bengaluru,electrician,28
2026-04-08,Bengaluru,electrician,27
2026-04-09,Bengaluru,electrician,26
2026-04-10,Bengaluru,electrician,24
2026-04-11,Bengaluru,electrician,14
2026-04-12,Bengaluru,electrician,14
2026-04-13,Bengaluru,electrician,30
2026-04-14,Bengaluru,electrician,23
2026-04-15,Bengaluru,electrician,25
2026-04-16,Bengaluru,electrician,23
2026-04-17,Bengaluru,electrician,27
2026-04-18,Bengaluru,electrician,18
2026-04-19,Bengaluru,electrician,13
2026-04-20,Bengaluru,electrician,22
2026-04-21,Bengaluru,electrician,26
2026-04-22,Bengaluru,electrician,22
2026-04-23,Bengaluru,electrician,27
2026-04-24,Bengaluru,electrician,27
2026-04-25,Bengaluru,electrician,15
2026-04-26,Bengaluru,electrician,11
2026-04-27,Bengaluru,electrician,30
2026-04-28,Bengaluru,electrician,24
2026-04-29,Bengaluru,electrician,31
2026-04-30,Bengaluru,electrician,26
2026-05-01,Bengaluru,electrician,24
2026-05-02,Bengaluru,electrician,18
2026-05-03,Bengaluru,electrician,12
2026-05-04,Bengaluru,electrician,25
2026-05-05,Bengaluru,electrician,25
2026-05-06,Bengaluru,electrician,23
2026-05-07,Bengaluru,electrician,27
2026-05-08,Bengaluru,electrician,24
2026-05-09,Bengaluru,electrician,17
2026-05-10,Bengaluru,electrician,12
2026-05-11,Bengaluru,electrician,30
2026-05-12,Bengaluru,electrician,29
2026-05-13,Bengaluru,electrician,31
2026-05-14,Bengaluru,electrician,25
2026-05-15,Bengaluru,electrician,20
2026-05-16,Bengaluru,electrician,22
2026-05-17,Bengaluru,electrician,14
2026-05-18,Bengaluru,electrician,23
2026-05-19,Bengaluru,electrician,28
2026-05-20,Bengaluru,electrician,32
2026-05-21,Bengaluru,electrician,26
2026-05-22,Bengaluru,electrician,29
2026-05-23,Bengaluru,electrician,20
2026-05-24,Bengaluru,electrician,12
2026-05-25,Bengaluru,electrician,23
2026-05-26,Bengaluru,electrician,29
2026-05-27,Bengaluru,electrician,19
2026-05-28,Bengaluru,electrician,26
2026-05-29,Bengaluru,electrician,21
2026-05-30,Bengaluru,electrician,17
2026-05-31,Bengaluru,electrician,13
2026-06-01,Bengaluru,electrician,23
2026-06-02,Bengaluru,electrician,24
2026-06-03,Bengaluru,electrician,23
2026-06-04,Bengaluru,electrician,32
2026-06-05,Bengaluru,electrician,30
2026-06-06,Bengaluru,electrician,15
2026-06-07,Bengaluru,electrician,16
2026-06-08,Bengaluru,electrician,23
2026-06-09,Bengaluru,electrician,26
2026-06-10,Bengaluru,electrician,27
2026-06-11,Bengaluru,electrician,24
2026-06-12,Bengaluru,electrician,27
2026-06-13,Bengaluru,electrician,17
2026-06-14,Bengaluru,electrician,13
2026-06-15,Bengaluru,electrician,21
2026-06-16,Bengaluru,electrician,23
2026-06-17,Bengaluru,electrician,22
2026-06-18,Bengaluru,electrician,26
2026-06-19,Bengaluru,electrician,21
2026-06-20,Bengaluru,electrician,17
2026-06-21,Bengaluru,electrician,16
2026-06-22,Bengaluru,electrician,28
2026-06-23,Bengaluru,electrician,26
2026-06-24,Bengaluru,electrician,27
2026-06-25,Bengaluru,electrician,31
2026-06-26,Bengaluru,electrician,26
2026-06-27,Bengaluru,electrician,16
2026-06-28,Bengaluru,electrician,11
2026-06-29,Bengaluru,electrician,26
2026-06-30,Bengaluru,electrician,28
2026-07-01,Bengaluru,electrician,25
2026-07-02,Bengaluru,electrician,27
2026-07-03,Bengaluru,electrician,23
2026-07-04,Bengaluru,electrician,17
2026-07-05,Bengaluru,electrician,9
2026-07-06,Bengaluru,electrician,24
2026-07-07,Bengaluru,electrician,29
2026-07-08,Bengaluru,electrician,25
2026-07-09,Bengaluru,electrician,26
2026-07-10,Bengaluru,electrician,22
2026-07-11,Bengaluru,electrician,18
2026-07-12,Bengaluru,electrician,13
2026-07-13,Bengaluru,electrician,22
2026-07-14,Bengaluru,electrician,30
2026-07-15,Bengaluru,electrician,30
2026-07-16,Bengaluru,electrician,24
2026-07-17,Bengaluru,electrician,26
2026-07-18,Bengaluru,electrician,18
2026-07-19,Bengaluru,electrician,15
2026-07-20,Bengaluru,electrician,20
2026-07-21,Bengaluru,electrician,29
2026-07-22,Bengaluru,electrician,25
2026-07-23,Bengaluru,electrician,25
2026-07-24,Bengaluru,electrician,32
2026-07-25,Bengaluru,electrician,18
2026-07-26,Bengaluru,electrician,13
2026-07-27,Bengaluru,electrician,18
2026-07-28,Bengaluru,electrician,30
2026-07-29,Bengaluru,electrician,23
2026-07-30,Bengaluru,electrician,23
2026-07-31,Bengaluru,electrician,24
2026-08-01,Bengaluru,electrician,20
2026-08-02,Bengaluru,electrician,15
2026-08-03,Bengaluru,electrician,24
2026-08-04,Bengaluru,electrician,27
2026-08-05,Bengaluru,electrician,25
2026-08-06,Bengaluru,electrician,26
2026-08-07,Bengaluru,electrician,25
2026-08-08,Bengaluru,electrician,19
2026-08-09,Bengaluru,electrician,15
2026-08-10,Bengaluru,electrician,26
2026-08-11,Bengaluru,electrician,25
2026-08-12,Bengaluru,electrician,30
2026-08-13,Bengaluru,electrician,26
2026-08-14,Bengaluru,electrician,22
2026-08-15,Bengaluru,electrician,17
2026-08-16,Bengaluru,electrician,14
2026-08-17,Bengaluru,electrician,28
2026-08-18,Bengaluru,electrician,26
2026-08-19,Bengaluru,electrician,23
2026-08-20,Bengaluru,electrician,26
2026-08-21,Bengaluru,electrician,25
2026-08-22,Bengaluru,electrician,18
2026-08-23,Bengaluru,electrician,15
2026-08-24,Bengaluru,electrician,28
2026-08-25,Bengaluru,electrician,24
2026-08-26,Bengaluru,electrician,25
2026-08-27,Bengaluru,electrician,23
2026-08-28,Bengaluru,electrician,27
2025-08-01,Bengaluru,plumber,25
2025-08-02,Bengaluru,plumber,15
2025-08-03,Bengaluru,plumber,12
2025-08-04,Bengaluru,plumber,25
2025-08-05,Bengaluru,plumber,24
2025-08-06,Bengaluru,plumber,25
2025-08-07,Bengaluru,plumber,19
2025-08-08,Bengaluru,plumber,23
2025-08-09,Bengaluru,plumber,13
2025-08-10,Bengaluru,plumber,10
2025-08-11,Bengaluru,plumber,21
2025-08-12,Bengaluru,plumber,21
2025-08-13,Bengaluru,plumber,23
2025-08-14,Bengaluru,plumber,19
2025-08-15,Bengaluru,plumber,24
2025-08-16,Bengaluru,plumber,17
2025-08-17,Bengaluru,plumber,9
2025-08-18,Bengaluru,plumber,24
2025-08-19,Bengaluru,plumber,21
2025-08-20,Bengaluru,plumber,26
2025-08-21,Bengaluru,plumber,23
2025-08-22,Bengaluru,plumber,22
2025-08-23,Bengaluru,plumber,15
2025-08-24,Bengaluru,plumber,14
2025-08-25,Bengaluru,plumber,19
2025-08-26,Bengaluru,plumber,25
2025-08-27,Bengaluru,plumber,27
2025-08-28,Bengaluru,plumber,25
2025-08-29,Bengaluru,plumber,28
2025-08-30,Bengaluru,plumber,14
2025-08-31,Bengaluru,plumber,13
2025-09-01,Bengaluru,plumber,14
2025-09-02,Bengaluru,plumber,18
2025-09-03,Bengaluru,plumber,16
2025-09-04,Bengaluru,plumber,15
2025-09-05,Bengaluru,plumber,17
2025-09-06,Bengaluru,plumber,10
2025-09-07,Bengaluru,plumber,7
2025-09-08,Bengaluru,plumber,14
2025-09-09,Bengaluru,plumber,16
2025-09-10,Bengaluru,plumber,19
2025-09-11,Bengaluru,plumber,16
2025-09-12,Bengaluru,plumber,17
2025-09-13,Bengaluru,plumber,9
2025-09-14,Bengaluru,plumber,8
2025-09-15,Bengaluru,plumber,14
2025-09-16,Bengaluru,plumber,15
2025-09-17,Bengaluru,plumber,16
2025-09-18,Bengaluru,plumber,17
2025-09-19,Bengaluru,plumber,14
2025-09-20,Bengaluru,plumber,10
2025-09-21,Bengaluru,plumber,8
2025-09-22,Bengaluru,plumber,13
2025-09-23,Bengaluru,plumber,15
2025-09-24,Bengaluru,plumber,16
2025-09-25,Bengaluru,plumber,15
2025-09-26,Bengaluru,plumber,15
2025-09-27,Bengaluru,plumber,10
2025-09-28,Bengaluru,plumber,8
2025-09-29,Bengaluru,plumber,17
2025-09-30,Bengaluru,plumber,13
2025-10-01,Bengaluru,plumber,20
2025-10-02,Bengaluru,plumber,28
2025-10-03,Bengaluru,plumber,17
2025-10-04,Bengaluru,plumber,12
2025-10-05,Bengaluru,plumber,12
2025-10-06,Bengaluru,plumber,15
2025-10-07,Bengaluru,plumber,20
2025-10-08,Bengaluru,plumber,28
2025-10-09,Bengaluru,plumber,17
2025-10-10,Bengaluru,plumber,15
2025-10-11,Bengaluru,plumber,11
2025-10-12,Bengaluru,plumber,12
2025-10-13,Bengaluru,plumber,23
2025-10-14,Bengaluru,plumber,20
2025-10-15,Bengaluru,plumber,24
2025-10-16,Bengaluru,plumber,25
2025-10-17,Bengaluru,plumber,24
2025-10-18,Bengaluru,plumber,14
2025-10-19,Bengaluru,plumber,8
2025-10-20,Bengaluru,plumber,18
2025-10-21,Bengaluru,plumber,20
2025-10-22,Bengaluru,plumber,21
2025-10-23,Bengaluru,plumber,21
2025-10-24,Bengaluru,plumber,23
2025-10-25,Bengaluru,plumber,16
2025-10-26,Bengaluru,plumber,11
2025-10-27,Bengaluru,plumber,23
2025-10-28,Bengaluru,plumber,22
2025-10-29,Bengaluru,plumber,22
2025-10-30,Bengaluru,plumber,23
2025-10-31,Bengaluru,plumber,20
2025-11-01,Bengaluru,plumber,18
2025-11-02,Bengaluru,plumber,9
2025-11-03,Bengaluru,plumber,19
2025-11-04,Bengaluru,plumber,21
2025-11-05,Bengaluru,plumber,23
2025-11-06,Bengaluru,plumber,24
2025-11-07,Bengaluru,plumber,20
2025-11-08,Bengaluru,plumber,12
2025-11-09,Bengaluru,plumber,12
2025-11-10,Bengaluru,plumber,22
2025-11-11,Bengaluru,plumber,16
2025-11-12,Bengaluru,plumber,22
2025-11-13,Bengaluru,plumber,17
2025-11-14,Bengaluru,plumber,19
2025-11-15,Bengaluru,plumber,13
2025-11-16,Bengaluru,plumber,12
2025-11-17,Bengaluru,plumber,21
2025-11-18,Bengaluru,plumber,18
2025-11-19,Bengaluru,plumber,25
2025-11-20,Bengaluru,plumber,18
2025-11-21,Bengaluru,plumber,21
2025-11-22,Bengaluru,plumber,13
2025-11-23,Bengaluru,plumber,11
2025-11-24,Bengaluru,plumber,22
2025-11-25,Bengaluru,plumber,23
2025-11-26,Bengaluru,plumber,26
2025-11-27,Bengaluru,plumber,21
2025-11-28,Bengaluru,plumber,21
2025-11-29,Bengaluru,plumber,14
2025-11-30,Bengaluru,plumber,11
2025-12-01,Bengaluru,plumber,14
2025-12-02,Bengaluru,plumber,14
2025-12-03,Bengaluru,plumber,12
2025-12-04,Bengaluru,plumber,15
2025-12-05,Bengaluru,plumber,14
2025-12-06,Bengaluru,plumber,9
2025-12-07,Bengaluru,plumber,6
2025-12-08,Bengaluru,plumber,16
2025-12-09,Bengaluru,plumber,15
2025-12-10,Bengaluru,plumber,15
2025-12-11,Bengaluru,plumber,12
2025-12-12,Bengaluru,plumber,12
2025-12-13,Bengaluru,plumber,11
2025-12-14,Bengaluru,plumber,8
2025-12-15,Bengaluru,plumber,13
2025-12-16,Bengaluru,plumber,15
2025-12-17,Bengaluru,plumber,14
2025-12-18,Bengaluru,plumber,17
2025-12-19,Bengaluru,plumber,16
2025-12-20,Bengaluru,plumber,9
2025-12-21,Bengaluru,plumber,7
2025-12-22,Bengaluru,plumber,9
2025-12-23,Bengaluru,plumber,12
2025-12-24,Bengaluru,plumber,13
2025-12-25,Bengaluru,plumber,15
2025-12-26,Bengaluru,plumber,13
2025-12-27,Bengaluru,plumber,8
2025-12-28,Bengaluru,plumber,7
2025-12-29,Bengaluru,plumber,15
2025-12-30,Bengaluru,plumber,15
2025-12-31,Bengaluru,plumber,12
2026-01-01,Bengaluru,plumber,14
2026-01-02,Bengaluru,plumber,11
2026-01-03,Bengaluru,plumber,11
2026-01-04,Bengaluru,plumber,8
2026-01-05,Bengaluru,plumber,12
2026-01-06,Bengaluru,plumber,13
2026-01-07,Bengaluru,plumber,14
2026-01-08,Bengaluru,plumber,11
2026-01-09,Bengaluru,plumber,14
2026-01-10,Bengaluru,plumber,9
2026-01-11,Bengaluru,plumber,9
2026-01-12,Bengaluru,plumber,12
2026-01-13,Bengaluru,plumber,13
2026-01-14,Bengaluru,plumber,12
2026-01-15,Bengaluru,plumber,13
2026-01-16,Bengaluru,plumber,12
2026-01-17,Bengaluru,plumber,11
2026-01-18,Bengaluru,plumber,7
2026-01-19,Bengaluru,plumber,14
2026-01-20,Bengaluru,plumber,14
2026-01-21,Bengaluru,plumber,13
2026-01-22,Bengaluru,plumber,14
2026-01-23,Bengaluru,plumber,15
2026-01-24,Bengaluru,plumber,8
2026-01-25,Bengaluru,plumber,8
2026-01-26,Bengaluru,plumber,12
2026-01-27,Bengaluru,plumber,14
2026-01-28,Bengaluru,plumber,16
2026-01-29,Bengaluru,plumber,13
2026-01-30,Bengaluru,plumber,14
2026-01-31,Bengaluru,plumber,9
2026-02-01,Bengaluru,plumber,8
2026-02-02,Bengaluru,plumber,10
2026-02-03,Bengaluru,plumber,11
2026-02-04,Bengaluru,plumber,16
2026-02-05,Bengaluru,plumber,16
2026-02-06,Bengaluru,plumber,12
2026-02-07,Bengaluru,plumber,9
2026-02-08,Bengaluru,plumber,8
2026-02-09,Bengaluru,plumber,15
2026-02-10,Bengaluru,plumber,11
2026-02-11,Bengaluru,plumber,14
2026-02-12,Bengaluru,plumber,14
2026-02-13,Bengaluru,plumber,15
2026-02-14,Bengaluru,plumber,13
2026-02-15,Bengaluru,plumber,7
2026-02-16,Bengaluru,plumber,12
2026-02-17,Bengaluru,plumber,15
2026-02-18,Bengaluru,plumber,18
2026-02-19,Bengaluru,plumber,15
2026-02-20,Bengaluru,plumber,12
2026-02-21,Bengaluru,plumber,11
2026-02-22,Bengaluru,plumber,8
2026-02-23,Bengaluru,plumber,12
2026-02-24,Bengaluru,plumber,15
2026-02-25,Bengaluru,plumber,17
2026-02-26,Bengaluru,plumber,17
2026-02-27,Bengaluru,plumber,14
2026-02-28,Bengaluru,plumber,9
2026-03-01,Bengaluru,plumber,10
2026-03-02,Bengaluru,plumber,13
2026-03-03,Bengaluru,plumber,17
2026-03-04,Bengaluru,plumber,14
2026-03-05,Bengaluru,plumber,19
2026-03-06,Bengaluru,plumber,15
2026-03-07,Bengaluru,plumber,13
2026-03-08,Bengaluru,plumber,9
2026-03-09,Bengaluru,plumber,13
2026-03-10,Bengaluru,plumber,19
2026-03-11,Bengaluru,plumber,20
2026-03-12,Bengaluru,plumber,18
2026-03-13,Bengaluru,plumber,14
2026-03-14,Bengaluru,plumber,11
2026-03-15,Bengaluru,plumber,9
2026-03-16,Bengaluru,plumber,14
2026-03-17,Bengaluru,plumber,20
2026-03-18,Bengaluru,plumber,18
2026-03-19,Bengaluru,plumber,11
2026-03-20,Bengaluru,plumber,16
2026-03-21,Bengaluru,plumber,11
2026-03-22,Bengaluru,plumber,9
2026-03-23,Bengaluru,plumber,15
2026-03-24,Bengaluru,plumber,18
2026-03-25,Bengaluru,plumber,20
2026-03-26,Bengaluru,plumber,17
2026-03-27,Bengaluru,plumber,15
2026-03-28,Bengaluru,plumber,11
2026-03-29,Bengaluru,plumber,9
2026-03-30,Bengaluru,plumber,14
2026-03-31,Bengaluru,plumber,18
2026-04-01,Bengaluru,plumber,20
2026-04-02,Bengaluru,plumber,22
2026-04-03,Bengaluru,plumber,20
2026-04-04,Bengaluru,plumber,11
2026-04-05,Bengaluru,plumber,11
2026-04-06,Bengaluru,plumber,15
2026-04-07,Bengaluru,plumber,20
2026-04-08,Bengaluru,plumber,18
2026-04-09,Bengaluru,plumber,16
2026-04-10,Bengaluru,plumber,18
2026-04-11,Bengaluru,plumber,8
2026-04-12,Bengaluru,plumber,8
2026-04-13,Bengaluru,plumber,17
2026-04-14,Bengaluru,plumber,19
2026-04-15,Bengaluru,plumber,18
2026-04-16,Bengaluru,plumber,15
2026-04-17,Bengaluru,plumber,16
2026-04-18,Bengaluru,plumber,13
2026-04-19,Bengaluru,plumber,10
2026-04-20,Bengaluru,plumber,17
2026-04-21,Bengaluru,plumber,21
2026-04-22,Bengaluru,plumber,20
2026-04-23,Bengaluru,plumber,17
2026-04-24,Bengaluru,plumber,17
2026-04-25,Bengaluru,plumber,10
2026-04-26,Bengaluru,plumber,10
2026-04-27,Bengaluru,plumber,20
2026-04-28,Bengaluru,plumber,20
2026-04-29,Bengaluru,plumber,23
2026-04-30,Bengaluru,plumber,18
2026-05-01,Bengaluru,plumber,20
2026-05-02,Bengaluru,plumber,12
2026-05-03,Bengaluru,plumber,11
2026-05-04,Bengaluru,plumber,18
2026-05-05,Bengaluru,plumber,20
2026-05-06,Bengaluru,plumber,23
2026-05-07,Bengaluru,plumber,18
2026-05-08,Bengaluru,plumber,18
2026-05-09,Bengaluru,plumber,14
2026-05-10,Bengaluru,plumber,10
2026-05-11,Bengaluru,plumber,15
2026-05-12,Bengaluru,plumber,23
2026-05-13,Bengaluru,plumber,18
2026-05-14,Bengaluru,plumber,19
2026-05-15,Bengaluru,plumber,20
2026-05-16,Bengaluru,plumber,11
2026-05-17,Bengaluru,plumber,9
2026-05-18,Bengaluru,plumber,18
2026-05-19,Bengaluru,plumber,15
2026-05-20,Bengaluru,plumber,19
2026-05-21,Bengaluru,plumber,19
2026-05-22,Bengaluru,plumber,17
2026-05-23,Bengaluru,plumber,10
2026-05-24,Bengaluru,plumber,12
2026-05-25,Bengaluru,plumber,18
2026-05-26,Bengaluru,plumber,22
2026-05-27,Bengaluru,plumber,19
2026-05-28,Bengaluru,plumber,17
2026-05-29,Bengaluru,plumber,18
2026-05-30,Bengaluru,plumber,12
2026-05-31,Bengaluru,plumber,8
2026-06-01,Bengaluru,plumber,28
2026-06-02,Bengaluru,plumber,24
2026-06-03,Bengaluru,plumber,21
2026-06-04,Bengaluru,plumber,30
2026-06-05,Bengaluru,plumber,23
2026-06-06,Bengaluru,plumber,16
2026-06-07,Bengaluru,plumber,11
2026-06-08,Bengaluru,plumber,29
2026-06-09,Bengaluru,plumber,22
2026-06-10,Bengaluru,plumber,27
2026-06-11,Bengaluru,plumber,28
2026-06-12,Bengaluru,plumber,26
2026-06-13,Bengaluru,plumber,17
2026-06-14,Bengaluru,plumber,11
2026-06-15,Bengaluru,plumber,22
2026-06-16,Bengaluru,plumber,26
2026-06-17,Bengaluru,plumber,24
2026-06-18,Bengaluru,plumber,26
2026-06-19,Bengaluru,plumber,26
2026-06-20,Bengaluru,plumber,19
2026-06-21,Bengaluru,plumber,11
2026-06-22,Bengaluru,plumber,31
2026-06-23,Bengaluru,plumber,28
2026-06-24,Bengaluru,plumber,27
2026-06-25,Bengaluru,plumber,29
2026-06-26,Bengaluru,plumber,31
2026-06-27,Bengaluru,plumber,14
2026-06-28,Bengaluru,plumber,13
2026-06-29,Bengaluru,plumber,17
2026-06-30,Bengaluru,plumber,26
2026-07-01,Bengaluru,plumber,28
2026-07-02,Bengaluru,plumber,26
2026-07-03,Bengaluru,plumber,23
2026-07-04,Bengaluru,plumber,13
2026-07-05,Bengaluru,plumber,14
2026-07-06,Bengaluru,plumber,29
2026-07-07,Bengaluru,plumber,24
2026-07-08,Bengaluru,plumber,28
2026-07-09,Bengaluru,plumber,21
2026-07-10,Bengaluru,plumber,26
2026-07-11,Bengaluru,plumber,16
2026-07-12,Bengaluru,plumber,12
2026-07-13,Bengaluru,plumber,22
2026-07-14,Bengaluru,plumber,25
2026-07-15,Bengaluru,plumber,28
2026-07-16,Bengaluru,plumber,22
2026-07-17,Bengaluru,plumber,23
2026-07-18,Bengaluru,plumber,17
2026-07-19,Bengaluru,plumber,12
2026-07-20,Bengaluru,plumber,30
2026-07-21,Bengaluru,plumber,23
2026-07-22,Bengaluru,plumber,25
2026-07-23,Bengaluru,plumber,23
2026-07-24,Bengaluru,plumber,30
2026-07-25,Bengaluru,plumber,18
2026-07-26,Bengaluru,plumber,12
2026-07-27,Bengaluru,plumber,28
2026-07-28,Bengaluru,plumber,27
2026-07-29,Bengaluru,plumber,28
2026-07-30,Bengaluru,plumber,25
2026-07-31,Bengaluru,plumber,23
2026-08-01,Bengaluru,plumber,18
2026-08-02,Bengaluru,plumber,13
2026-08-03,Bengaluru,plumber,30
2026-08-04,Bengaluru,plumber,22
2026-08-05,Bengaluru,plumber,32
2026-08-06,Bengaluru,plumber,26
2026-08-07,Bengaluru,plumber,26
2026-08-08,Bengaluru,plumber,19
2026-08-09,Bengaluru,plumber,13
2026-08-10,Bengaluru,plumber,27
2026-08-11,Bengaluru,plumber,18
2026-08-12,Bengaluru,plumber,25
2026-08-13,Bengaluru,plumber,23
2026-08-14,Bengaluru,plumber,21
2026-08-15,Bengaluru,plumber,17
2026-08-16,Bengaluru,plumber,14
2026-08-17,Bengaluru,plumber,27
2026-08-18,Bengaluru,plumber,27
2026-08-19,Bengaluru,plumber,25
2026-08-20,Bengaluru,plumber,27
2026-08-21,Bengaluru,plumber,25
2026-08-22,Bengaluru,plumber,19
2026-08-23,Bengaluru,plumber,15
2026-08-24,Bengaluru,plumber,25
2026-08-25,Bengaluru,plumber,23
2026-08-26,Bengaluru,plumber,25
2026-08-27,Bengaluru,plumber,24
2026-08-28,Bengaluru,plumber,24
2025-08-01,Bengaluru,cleaner,18
2025-08-02,Bengaluru,cleaner,13
2025-08-03,Bengaluru,cleaner,9
2025-08-04,Bengaluru,cleaner,17
2025-08-05,Bengaluru,cleaner,18
2025-08-06,Bengaluru,cleaner,18
2025-08-07,Bengaluru,cleaner,16
2025-08-08,Bengaluru,cleaner,14
2025-08-09,Bengaluru,cleaner,11
2025-08-10,Bengaluru,cleaner,10
2025-08-11,Bengaluru,cleaner,16
2025-08-12,Bengaluru,cleaner,18
2025-08-13,Bengaluru,cleaner,20
2025-08-14,Bengaluru,cleaner,19
2025-08-15,Bengaluru,cleaner,15
2025-08-16,Bengaluru,cleaner,14
2025-08-17,Bengaluru,cleaner,11
2025-08-18,Bengaluru,cleaner,15
2025-08-19,Bengaluru,cleaner,16
2025-08-20,Bengaluru,cleaner,22
2025-08-21,Bengaluru,cleaner,18
2025-08-22,Bengaluru,cleaner,13
2025-08-23,Bengaluru,cleaner,10
2025-08-24,Bengaluru,cleaner,9
2025-08-25,Bengaluru,cleaner,15
2025-08-26,Bengaluru,cleaner,17
2025-08-27,Bengaluru,cleaner,19
2025-08-28,Bengaluru,cleaner,22
2025-08-29,Bengaluru,cleaner,17
2025-08-30,Bengaluru,cleaner,14
2025-08-31,Bengaluru,cleaner,11
2025-09-01,Bengaluru,cleaner,26
2025-09-02,Bengaluru,cleaner,24
2025-09-03,Bengaluru,cleaner,18
2025-09-04,Bengaluru,cleaner,24
2025-09-05,Bengaluru,cleaner,25
2025-09-06,Bengaluru,cleaner,15
2025-09-07,Bengaluru,cleaner,15
2025-09-08,Bengaluru,cleaner,24
2025-09-09,Bengaluru,cleaner,25
2025-09-10,Bengaluru,cleaner,27
2025-09-11,Bengaluru,cleaner,24
2025-09-12,Bengaluru,cleaner,15
2025-09-13,Bengaluru,cleaner,14
2025-09-14,Bengaluru,cleaner,14
2025-09-15,Bengaluru,cleaner,20
2025-09-16,Bengaluru,cleaner,22
2025-09-17,Bengaluru,cleaner,21
2025-09-18,Bengaluru,cleaner,28
2025-09-19,Bengaluru,cleaner,26
2025-09-20,Bengaluru,cleaner,14
2025-09-21,Bengaluru,cleaner,12
2025-09-22,Bengaluru,cleaner,20
2025-09-23,Bengaluru,cleaner,25
2025-09-24,Bengaluru,cleaner,26
2025-09-25,Bengaluru,cleaner,25
2025-09-26,Bengaluru,cleaner,23
2025-09-27,Bengaluru,cleaner,21
2025-09-28,Bengaluru,cleaner,11
2025-09-29,Bengaluru,cleaner,18
2025-09-30,Bengaluru,cleaner,22
2025-10-01,Bengaluru,cleaner,27
2025-10-02,Bengaluru,cleaner,26
2025-10-03,Bengaluru,cleaner,26
2025-10-04,Bengaluru,cleaner,19
2025-10-05,Bengaluru,cleaner,15
2025-10-06,Bengaluru,cleaner,32
2025-10-07,Bengaluru,cleaner,30
2025-10-08,Bengaluru,cleaner,32
2025-10-09,Bengaluru,cleaner,35
2025-10-10,Bengaluru,cleaner,27
2025-10-11,Bengaluru,cleaner,20
2025-10-12,Bengaluru,cleaner,17
2025-10-13,Bengaluru,cleaner,23
2025-10-14,Bengaluru,cleaner,23
2025-10-15,Bengaluru,cleaner,34
2025-10-16,Bengaluru,cleaner,33
2025-10-17,Bengaluru,cleaner,38
2025-10-18,Bengaluru,cleaner,21
2025-10-19,Bengaluru,cleaner,18
2025-10-20,Bengaluru,cleaner,29
2025-10-21,Bengaluru,cleaner,33
2025-10-22,Bengaluru,cleaner,40
2025-10-23,Bengaluru,cleaner,24
2025-10-24,Bengaluru,cleaner,32
2025-10-25,Bengaluru,cleaner,27
2025-10-26,Bengaluru,cleaner,17
2025-10-27,Bengaluru,cleaner,36
2025-10-28,Bengaluru,cleaner,29
2025-10-29,Bengaluru,cleaner,33
2025-10-30,Bengaluru,cleaner,32
2025-10-31,Bengaluru,cleaner,22
2025-11-01,Bengaluru,cleaner,18
2025-11-02,Bengaluru,cleaner,14
2025-11-03,Bengaluru,cleaner,33
2025-11-04,Bengaluru,cleaner,35
2025-11-05,Bengaluru,cleaner,35
2025-11-06,Bengaluru,cleaner,35
2025-11-07,Bengaluru,cleaner,30
2025-11-08,Bengaluru,cleaner,24
2025-11-09,Bengaluru,cleaner,17
2025-11-10,Bengaluru,cleaner,31
2025-11-11,Bengaluru,cleaner,31
2025-11-12,Bengaluru,cleaner,36
2025-11-13,Bengaluru,cleaner,30
2025-11-14,Bengaluru,cleaner,34
2025-11-15,Bengaluru,cleaner,18
2025-11-16,Bengaluru,cleaner,15
2025-11-17,Bengaluru,cleaner,33
2025-11-18,Bengaluru,cleaner,32
2025-11-19,Bengaluru,cleaner,32
2025-11-20,Bengaluru,cleaner,35
2025-11-21,Bengaluru,cleaner,28
2025-11-22,Bengaluru,cleaner,21
2025-11-23,Bengaluru,cleaner,20
2025-11-24,Bengaluru,cleaner,36
2025-11-25,Bengaluru,cleaner,38
2025-11-26,Bengaluru,cleaner,32
2025-11-27,Bengaluru,cleaner,37
2025-11-28,Bengaluru,cleaner,27
2025-11-29,Bengaluru,cleaner,19
2025-11-30,Bengaluru,cleaner,12
2025-12-01,Bengaluru,cleaner,24
2025-12-02,Bengaluru,cleaner,19
2025-12-03,Bengaluru,cleaner,22
2025-12-04,Bengaluru,cleaner,19
2025-12-05,Bengaluru,cleaner,22
2025-12-06,Bengaluru,cleaner,14
2025-12-07,Bengaluru,cleaner,9
2025-12-08,Bengaluru,cleaner,22
2025-12-09,Bengaluru,cleaner,18
2025-12-10,Bengaluru,cleaner,20
2025-12-11,Bengaluru,cleaner,16
2025-12-12,Bengaluru,cleaner,17
2025-12-13,Bengaluru,cleaner,15
2025-12-14,Bengaluru,cleaner,9
2025-12-15,Bengaluru,cleaner,17
2025-12-16,Bengaluru,cleaner,22
2025-12-17,Bengaluru,cleaner,21
2025-12-18,Bengaluru,cleaner,27
2025-12-19,Bengaluru,cleaner,25
2025-12-20,Bengaluru,cleaner,13
2025-12-21,Bengaluru,cleaner,12
2025-12-22,Bengaluru,cleaner,22
2025-12-23,Bengaluru,cleaner,20
2025-12-24,Bengaluru,cleaner,19
2025-12-25,Bengaluru,cleaner,22
2025-12-26,Bengaluru,cleaner,20
2025-12-27,Bengaluru,cleaner,14
2025-12-28,Bengaluru,cleaner,12
2025-12-29,Bengaluru,cleaner,19
2025-12-30,Bengaluru,cleaner,19
2025-12-31,Bengaluru,cleaner,23
2026-01-01,Bengaluru,cleaner,23
2026-01-02,Bengaluru,cleaner,18
2026-01-03,Bengaluru,cleaner,16
2026-01-04,Bengaluru,cleaner,9
2026-01-05,Bengaluru,cleaner,19
2026-01-06,Bengaluru,cleaner,21
2026-01-07,Bengaluru,cleaner,21
2026-01-08,Bengaluru,cleaner,20
2026-01-09,Bengaluru,cleaner,25
2026-01-10,Bengaluru,cleaner,13
2026-01-11,Bengaluru,cleaner,15
2026-01-12,Bengaluru,cleaner,22
2026-01-13,Bengaluru,cleaner,22
2026-01-14,Bengaluru,cleaner,24
2026-01-15,Bengaluru,cleaner,28
2026-01-16,Bengaluru,cleaner,18
2026-01-17,Bengaluru,cleaner,13
2026-01-18,Bengaluru,cleaner,10
2026-01-19,Bengaluru,cleaner,21
2026-01-20,Bengaluru,cleaner,17
2026-01-21,Bengaluru,cleaner,23
2026-01-22,Bengaluru,cleaner,26
2026-01-23,Bengaluru,cleaner,21
2026-01-24,Bengaluru,cleaner,14
2026-01-25,Bengaluru,cleaner,11
2026-01-26,Bengaluru,cleaner,23
2026-01-27,Bengaluru,cleaner,20
2026-01-28,Bengaluru,cleaner,28
2026-01-29,Bengaluru,cleaner,27
2026-01-30,Bengaluru,cleaner,21
2026-01-31,Bengaluru,cleaner,15
2026-02-01,Bengaluru,cleaner,13
2026-02-02,Bengaluru,cleaner,24
2026-02-03,Bengaluru,cleaner,20
2026-02-04,Bengaluru,cleaner,22
2026-02-05,Bengaluru,cleaner,18
2026-02-06,Bengaluru,cleaner,22
2026-02-07,Bengaluru,cleaner,16
2026-02-08,Bengaluru,cleaner,10
2026-02-09,Bengaluru,cleaner,20
2026-02-10,Bengaluru,cleaner,18
2026-02-11,Bengaluru,cleaner,21
2026-02-12,Bengaluru,cleaner,23
2026-02-13,Bengaluru,cleaner,19
2026-02-14,Bengaluru,cleaner,14
2026-02-15,Bengaluru,cleaner,9
2026-02-16,Bengaluru,cleaner,21
2026-02-17,Bengaluru,cleaner,22
2026-02-18,Bengaluru,cleaner,21
2026-02-19,Bengaluru,cleaner,22
2026-02-20,Bengaluru,cleaner,21
2026-02-21,Bengaluru,cleaner,13
2026-02-22,Bengaluru,cleaner,10
2026-02-23,Bengaluru,cleaner,26
2026-02-24,Bengaluru,cleaner,20
2026-02-25,Bengaluru,cleaner,23
2026-02-26,Bengaluru,cleaner,25
2026-02-27,Bengaluru,cleaner,30
2026-02-28,Bengaluru,cleaner,13
2026-03-01,Bengaluru,cleaner,14
2026-03-02,Bengaluru,cleaner,21
2026-03-03,Bengaluru,cleaner,23
2026-03-04,Bengaluru,cleaner,24
2026-03-05,Bengaluru,cleaner,21
2026-03-06,Bengaluru,cleaner,23
2026-03-07,Bengaluru,cleaner,14
2026-03-08,Bengaluru,cleaner,14
2026-03-09,Bengaluru,cleaner,24
2026-03-10,Bengaluru,cleaner,26
2026-03-11,Bengaluru,cleaner,24
2026-03-12,Bengaluru,cleaner,24
2026-03-13,Bengaluru,cleaner,24
2026-03-14,Bengaluru,cleaner,14
2026-03-15,Bengaluru,cleaner,12
2026-03-16,Bengaluru,cleaner,21
2026-03-17,Bengaluru,cleaner,22
2026-03-18,Bengaluru,cleaner,19
2026-03-19,Bengaluru,cleaner,29
2026-03-20,Bengaluru,cleaner,22
2026-03-21,Bengaluru,cleaner,19
2026-03-22,Bengaluru,cleaner,15
2026-03-23,Bengaluru,cleaner,20
2026-03-24,Bengaluru,cleaner,22
2026-03-25,Bengaluru,cleaner,34
2026-03-26,Bengaluru,cleaner,30
2026-03-27,Bengaluru,cleaner,24
2026-03-28,Bengaluru,cleaner,17
2026-03-29,Bengaluru,cleaner,12
2026-03-30,Bengaluru,cleaner,25
2026-03-31,Bengaluru,cleaner,23
2026-04-01,Bengaluru,cleaner,22
2026-04-02,Bengaluru,cleaner,23
2026-04-03,Bengaluru,cleaner,26
2026-04-04,Bengaluru,cleaner,16
2026-04-05,Bengaluru,cleaner,14
2026-04-06,Bengaluru,cleaner,23
2026-04-07,Bengaluru,cleaner,25
2026-04-08,Bengaluru,cleaner,32
2026-04-09,Bengaluru,cleaner,28
2026-04-10,Bengaluru,cleaner,26
2026-04-11,Bengaluru,cleaner,20
2026-04-12,Bengaluru,cleaner,15
2026-04-13,Bengaluru,cleaner,31
2026-04-14,Bengaluru,cleaner,26
2026-04-15,Bengaluru,cleaner,27
2026-04-16,Bengaluru,cleaner,23
2026-04-17,Bengaluru,cleaner,25
2026-04-18,Bengaluru,cleaner,20
2026-04-19,Bengaluru,cleaner,17
2026-04-20,Bengaluru,cleaner,29
2026-04-21,Bengaluru,cleaner,22
2026-04-22,Bengaluru,cleaner,33
2026-04-23,Bengaluru,cleaner,22
2026-04-24,Bengaluru,cleaner,29
2026-04-25,Bengaluru,cleaner,18
2026-04-26,Bengaluru,cleaner,16
2026-04-27,Bengaluru,cleaner,22
2026-04-28,Bengaluru,cleaner,32
2026-04-29,Bengaluru,cleaner,24
2026-04-30,Bengaluru,cleaner,25
2026-05-01,Bengaluru,cleaner,23
2026-05-02,Bengaluru,cleaner,15
2026-05-03,Bengaluru,cleaner,15
2026-05-04,Bengaluru,cleaner,32
2026-05-05,Bengaluru,cleaner,37
2026-05-06,Bengaluru,cleaner,29
2026-05-07,Bengaluru,cleaner,31
2026-05-08,Bengaluru,cleaner,27
2026-05-09,Bengaluru,cleaner,20
2026-05-10,Bengaluru,cleaner,14
2026-05-11,Bengaluru,cleaner,27
2026-05-12,Bengaluru,cleaner,30
2026-05-13,Bengaluru,cleaner,27
2026-05-14,Bengaluru,cleaner,28
2026-05-15,Bengaluru,cleaner,26
2026-05-16,Bengaluru,cleaner,20
2026-05-17,Bengaluru,cleaner,13
2026-05-18,Bengaluru,cleaner,26
2026-05-19,Bengaluru,cleaner,34
2026-05-20,Bengaluru,cleaner,33
2026-05-21,Bengaluru,cleaner,32
2026-05-22,Bengaluru,cleaner,27
2026-05-23,Bengaluru,cleaner,19
2026-05-24,Bengaluru,cleaner,16
2026-05-25,Bengaluru,cleaner,32
2026-05-26,Bengaluru,cleaner,21
2026-05-27,Bengaluru,cleaner,25
2026-05-28,Bengaluru,cleaner,32
2026-05-29,Bengaluru,cleaner,26
2026-05-30,Bengaluru,cleaner,17
2026-05-31,Bengaluru,cleaner,12
2026-06-01,Bengaluru,cleaner,18
2026-06-02,Bengaluru,cleaner,17
2026-06-03,Bengaluru,cleaner,27
2026-06-04,Bengaluru,cleaner,20
2026-06-05,Bengaluru,cleaner,19
2026-06-06,Bengaluru,cleaner,15
2026-06-07,Bengaluru,cleaner,12
2026-06-08,Bengaluru,cleaner,22
2026-06-09,Bengaluru,cleaner,23
2026-06-10,Bengaluru,cleaner,20
2026-06-11,Bengaluru,cleaner,20
2026-06-12,Bengaluru,cleaner,21
2026-06-13,Bengaluru,cleaner,13
2026-06-14,Bengaluru,cleaner,11
2026-06-15,Bengaluru,cleaner,20
2026-06-16,Bengaluru,cleaner,22
2026-06-17,Bengaluru,cleaner,17
2026-06-18,Bengaluru,cleaner,22
2026-06-19,Bengaluru,cleaner,19
2026-06-20,Bengaluru,cleaner,15
2026-06-21,Bengaluru,cleaner,12
2026-06-22,Bengaluru,cleaner,23
2026-06-23,Bengaluru,cleaner,24
2026-06-24,Bengaluru,cleaner,25
2026-06-25,Bengaluru,cleaner,24
2026-06-26,Bengaluru,cleaner,20
2026-06-27,Bengaluru,cleaner,14
2026-06-28,Bengaluru,cleaner,12
2026-06-29,Bengaluru,cleaner,21
2026-06-30,Bengaluru,cleaner,20
2026-07-01,Bengaluru,cleaner,23
2026-07-02,Bengaluru,cleaner,20
2026-07-03,Bengaluru,cleaner,18
2026-07-04,Bengaluru,cleaner,16
2026-07-05,Bengaluru,cleaner,11
2026-07-06,Bengaluru,cleaner,24
2026-07-07,Bengaluru,cleaner,17
2026-07-08,Bengaluru,cleaner,20
2026-07-09,Bengaluru,cleaner,21
2026-07-10,Bengaluru,cleaner,22
2026-07-11,Bengaluru,cleaner,14
2026-07-12,Bengaluru,cleaner,11
2026-07-13,Bengaluru,cleaner,17
2026-07-14,Bengaluru,cleaner,18
2026-07-15,Bengaluru,cleaner,22
2026-07-16,Bengaluru,cleaner,17
2026-07-17,Bengaluru,cleaner,18
2026-07-18,Bengaluru,cleaner,15
2026-07-19,Bengaluru,cleaner,10
2026-07-20,Bengaluru,cleaner,24
2026-07-21,Bengaluru,cleaner,24
2026-07-22,Bengaluru,cleaner,18
2026-07-23,Bengaluru,cleaner,18
2026-07-24,Bengaluru,cleaner,14
2026-07-25,Bengaluru,cleaner,13
2026-07-26,Bengaluru,cleaner,12
2026-07-27,Bengaluru,cleaner,19
2026-07-28,Bengaluru,cleaner,22
2026-07-29,Bengaluru,cleaner,18
2026-07-30,Bengaluru,cleaner,23
2026-07-31,Bengaluru,cleaner,18
2026-08-01,Bengaluru,cleaner,14
2026-08-02,Bengaluru,cleaner,11
2026-08-03,Bengaluru,cleaner,17
2026-08-04,Bengaluru,cleaner,18
2026-08-05,Bengaluru,cleaner,24
2026-08-06,Bengaluru,cleaner,22
2026-08-07,Bengaluru,cleaner,22
2026-08-08,Bengaluru,cleaner,14
2026-08-09,Bengaluru,cleaner,11
2026-08-10,Bengaluru,cleaner,16
2026-08-11,Bengaluru,cleaner,20
2026-08-12,Bengaluru,cleaner,22
2026-08-13,Bengaluru,cleaner,26
2026-08-14,Bengaluru,cleaner,22
2026-08-15,Bengaluru,cleaner,16
2026-08-16,Bengaluru,cleaner,12
2026-08-17,Bengaluru,cleaner,18
2026-08-18,Bengaluru,cleaner,21
2026-08-19,Bengaluru,cleaner,23
2026-08-20,Bengaluru,cleaner,19
2026-08-21,Bengaluru,cleaner,19
2026-08-22,Bengaluru,cleaner,14
2026-08-23,Bengaluru,cleaner,13
2026-08-24,Bengaluru,cleaner,15
2026-08-25,Bengaluru,cleaner,24
2026-08-26,Bengaluru,cleaner,20
2026-08-27,Bengaluru,cleaner,18
2026-08-28,Bengaluru,cleaner,23
2025-08-01,Bengaluru,carpenter,8
2025-08-02,Bengaluru,carpenter,7
2025-08-03,Bengaluru,carpenter,5
2025-08-04,Bengaluru,carpenter,10
2025-08-05,Bengaluru,carpenter,9
2025-08-06,Bengaluru,carpenter,8
2025-08-07,Bengaluru,carpenter,8
2025-08-08,Bengaluru,carpenter,9
2025-08-09,Bengaluru,carpenter,5
2025-08-10,Bengaluru,carpenter,4
2025-08-11,Bengaluru,carpenter,7
2025-08-12,Bengaluru,carpenter,6
2025-08-13,Bengaluru,carpenter,9
2025-08-14,Bengaluru,carpenter,6
2025-08-15,Bengaluru,carpenter,8
2025-08-16,Bengaluru,carpenter,6
2025-08-17,Bengaluru,carpenter,4
2025-08-18,Bengaluru,carpenter,9
2025-08-19,Bengaluru,carpenter,7
2025-08-20,Bengaluru,carpenter,10
2025-08-21,Bengaluru,carpenter,9
2025-08-22,Bengaluru,carpenter,6
2025-08-23,Bengaluru,carpenter,8
2025-08-24,Bengaluru,carpenter,4
2025-08-25,Bengaluru,carpenter,7
2025-08-26,Bengaluru,carpenter,7
2025-08-27,Bengaluru,carpenter,8
2025-08-28,Bengaluru,carpenter,8
2025-08-29,Bengaluru,carpenter,8
2025-08-30,Bengaluru,carpenter,5
2025-08-31,Bengaluru,carpenter,5
2025-09-01,Bengaluru,carpenter,9
2025-09-02,Bengaluru,carpenter,8
2025-09-03,Bengaluru,carpenter,11
2025-09-04,Bengaluru,carpenter,7
2025-09-05,Bengaluru,carpenter,10
2025-09-06,Bengaluru,carpenter,6
2025-09-07,Bengaluru,carpenter,6
2025-09-08,Bengaluru,carpenter,11
2025-09-09,Bengaluru,carpenter,9
2025-09-10,Bengaluru,carpenter,12
2025-09-11,Bengaluru,carpenter,10
2025-09-12,Bengaluru,carpenter,12
2025-09-13,Bengaluru,carpenter,6
2025-09-14,Bengaluru,carpenter,5
2025-09-15,Bengaluru,carpenter,11
2025-09-16,Bengaluru,carpenter,10
2025-09-17,Bengaluru,carpenter,10
2025-09-18,Bengaluru,carpenter,10
2025-09-19,Bengaluru,carpenter,10
2025-09-20,Bengaluru,carpenter,8
2025-09-21,Bengaluru,carpenter,3
2025-09-22,Bengaluru,carpenter,10
2025-09-23,Bengaluru,carpenter,11
2025-09-24,Bengaluru,carpenter,11
2025-09-25,Bengaluru,carpenter,12
2025-09-26,Bengaluru,carpenter,10
2025-09-27,Bengaluru,carpenter,7
2025-09-28,Bengaluru,carpenter,6
2025-09-29,Bengaluru,carpenter,10
2025-09-30,Bengaluru,carpenter,10
2025-10-01,Bengaluru,carpenter,16
2025-10-02,Bengaluru,carpenter,13
2025-10-03,Bengaluru,carpenter,12
2025-10-04,Bengaluru,carpenter,9
2025-10-05,Bengaluru,carpenter,9
2025-10-06,Bengaluru,carpenter,8
2025-10-07,Bengaluru,carpenter,15
2025-10-08,Bengaluru,carpenter,15
2025-10-09,Bengaluru,carpenter,11
2025-10-10,Bengaluru,carpenter,14
2025-10-11,Bengaluru,carpenter,10
2025-10-12,Bengaluru,carpenter,8
2025-10-13,Bengaluru,carpenter,9
2025-10-14,Bengaluru,carpenter,16
2025-10-15,Bengaluru,carpenter,13
2025-10-16,Bengaluru,carpenter,15
2025-10-17,Bengaluru,carpenter,15
2025-10-18,Bengaluru,carpenter,8
2025-10-19,Bengaluru,carpenter,8
2025-10-20,Bengaluru,carpenter,13
2025-10-21,Bengaluru,carpenter,11
2025-10-22,Bengaluru,carpenter,17
2025-10-23,Bengaluru,carpenter,13
2025-10-24,Bengaluru,carpenter,12
2025-10-25,Bengaluru,carpenter,9
2025-10-26,Bengaluru,carpenter,8
2025-10-27,Bengaluru,carpenter,13
2025-10-28,Bengaluru,carpenter,15
2025-10-29,Bengaluru,carpenter,12
2025-10-30,Bengaluru,carpenter,13
2025-10-31,Bengaluru,carpenter,13
2025-11-01,Bengaluru,carpenter,12
2025-11-02,Bengaluru,carpenter,7
2025-11-03,Bengaluru,carpenter,15
2025-11-04,Bengaluru,carpenter,14
2025-11-05,Bengaluru,carpenter,14
2025-11-06,Bengaluru,carpenter,14
2025-11-07,Bengaluru,carpenter,13
2025-11-08,Bengaluru,carpenter,10
2025-11-09,Bengaluru,carpenter,9
2025-11-10,Bengaluru,carpenter,14
2025-11-11,Bengaluru,carpenter,16
2025-11-12,Bengaluru,carpenter,13
2025-11-13,Bengaluru,carpenter,13
2025-11-14,Bengaluru,carpenter,12
2025-11-15,Bengaluru,carpenter,10
2025-11-16,Bengaluru,carpenter,7
2025-11-17,Bengaluru,carpenter,15
2025-11-18,Bengaluru,carpenter,13
2025-11-19,Bengaluru,carpenter,15
2025-11-20,Bengaluru,carpenter,15
2025-11-21,Bengaluru,carpenter,10
2025-11-22,Bengaluru,carpenter,12
2025-11-23,Bengaluru,carpenter,7
2025-11-24,Bengaluru,carpenter,10
2025-11-25,Bengaluru,carpenter,15
2025-11-26,Bengaluru,carpenter,15
2025-11-27,Bengaluru,carpenter,14
2025-11-28,Bengaluru,carpenter,15
2025-11-29,Bengaluru,carpenter,10
2025-11-30,Bengaluru,carpenter,8
2025-12-01,Bengaluru,carpenter,10
2025-12-02,Bengaluru,carpenter,9
2025-12-03,Bengaluru,carpenter,12
2025-12-04,Bengaluru,carpenter,8
2025-12-05,Bengaluru,carpenter,9
2025-12-06,Bengaluru,carpenter,6
2025-12-07,Bengaluru,carpenter,6
2025-12-08,Bengaluru,carpenter,8
2025-12-09,Bengaluru,carpenter,8
2025-12-10,Bengaluru,carpenter,10
2025-12-11,Bengaluru,carpenter,10
2025-12-12,Bengaluru,carpenter,11
2025-12-13,Bengaluru,carpenter,5
2025-12-14,Bengaluru,carpenter,6
2025-12-15,Bengaluru,carpenter,12
2025-12-16,Bengaluru,carpenter,9
2025-12-17,Bengaluru,carpenter,8
2025-12-18,Bengaluru,carpenter,9
2025-12-19,Bengaluru,carpenter,9
2025-12-20,Bengaluru,carpenter,7
2025-12-21,Bengaluru,carpenter,4
2025-12-22,Bengaluru,carpenter,11
2025-12-23,Bengaluru,carpenter,8
2025-12-24,Bengaluru,carpenter,8
2025-12-25,Bengaluru,carpenter,11
2025-12-26,Bengaluru,carpenter,7
2025-12-27,Bengaluru,carpenter,6
2025-12-28,Bengaluru,carpenter,8
2025-12-29,Bengaluru,carpenter,9
2025-12-30,Bengaluru,carpenter,8
2025-12-31,Bengaluru,carpenter,10
2026-01-01,Bengaluru,carpenter,10
2026-01-02,Bengaluru,carpenter,9
2026-01-03,Bengaluru,carpenter,7
2026-01-04,Bengaluru,carpenter,4
2026-01-05,Bengaluru,carpenter,11
2026-01-06,Bengaluru,carpenter,10
2026-01-07,Bengaluru,carpenter,11
2026-01-08,Bengaluru,carpenter,9
2026-01-09,Bengaluru,carpenter,11
2026-01-10,Bengaluru,carpenter,6
2026-01-11,Bengaluru,carpenter,5
2026-01-12,Bengaluru,carpenter,8
2026-01-13,Bengaluru,carpenter,9
2026-01-14,Bengaluru,carpenter,11
2026-01-15,Bengaluru,carpenter,9
2026-01-16,Bengaluru,carpenter,8
2026-01-17,Bengaluru,carpenter,6
2026-01-18,Bengaluru,carpenter,6
2026-01-19,Bengaluru,carpenter,9
2026-01-20,Bengaluru,carpenter,10
2026-01-21,Bengaluru,carpenter,10
2026-01-22,Bengaluru,carpenter,7
2026-01-23,Bengaluru,carpenter,8
2026-01-24,Bengaluru,carpenter,7
2026-01-25,Bengaluru,carpenter,4
2026-01-26,Bengaluru,carpenter,10
2026-01-27,Bengaluru,carpenter,11
2026-01-28,Bengaluru,carpenter,11
2026-01-29,Bengaluru,carpenter,12
2026-01-30,Bengaluru,carpenter,9
2026-01-31,Bengaluru,carpenter,7
2026-02-01,Bengaluru,carpenter,5
2026-02-02,Bengaluru,carpenter,12
2026-02-03,Bengaluru,carpenter,12
2026-02-04,Bengaluru,carpenter,10
2026-02-05,Bengaluru,carpenter,10
2026-02-06,Bengaluru,carpenter,11
2026-02-07,Bengaluru,carpenter,6
2026-02-08,Bengaluru,carpenter,4
2026-02-09,Bengaluru,carpenter,10
2026-02-10,Bengaluru,carpenter,10
2026-02-11,Bengaluru,carpenter,10
2026-02-12,Bengaluru,carpenter,9
2026-02-13,Bengaluru,carpenter,7
2026-02-14,Bengaluru,carpenter,7
2026-02-15,Bengaluru,carpenter,6
2026-02-16,Bengaluru,carpenter,9
2026-02-17,Bengaluru,carpenter,11
2026-02-18,Bengaluru,carpenter,9
2026-02-19,Bengaluru,carpenter,9
2026-02-20,Bengaluru,carpenter,9
2026-02-21,Bengaluru,carpenter,6
2026-02-22,Bengaluru,carpenter,6
2026-02-23,Bengaluru,carpenter,8
2026-02-24,Bengaluru,carpenter,11
2026-02-25,Bengaluru,carpenter,13
2026-02-26,Bengaluru,carpenter,10
2026-02-27,Bengaluru,carpenter,11
2026-02-28,Bengaluru,carpenter,6
2026-03-01,Bengaluru,carpenter,7
2026-03-02,Bengaluru,carpenter,12
2026-03-03,Bengaluru,carpenter,12
2026-03-04,Bengaluru,carpenter,11
2026-03-05,Bengaluru,carpenter,7
2026-03-06,Bengaluru,carpenter,10
2026-03-07,Bengaluru,carpenter,7
2026-03-08,Bengaluru,carpenter,5
2026-03-09,Bengaluru,carpenter,11
2026-03-10,Bengaluru,carpenter,10
2026-03-11,Bengaluru,carpenter,10
2026-03-12,Bengaluru,carpenter,10
2026-03-13,Bengaluru,carpenter,10
2026-03-14,Bengaluru,carpenter,8
2026-03-15,Bengaluru,carpenter,5
2026-03-16,Bengaluru,carpenter,10
2026-03-17,Bengaluru,carpenter,10
2026-03-18,Bengaluru,carpenter,12
2026-03-19,Bengaluru,carpenter,12
2026-03-20,Bengaluru,carpenter,7
2026-03-21,Bengaluru,carpenter,8
2026-03-22,Bengaluru,carpenter,7
2026-03-23,Bengaluru,carpenter,9
2026-03-24,Bengaluru,carpenter,10
2026-03-25,Bengaluru,carpenter,11
2026-03-26,Bengaluru,carpenter,10
2026-03-27,Bengaluru,carpenter,11
2026-03-28,Bengaluru,carpenter,5
2026-03-29,Bengaluru,carpenter,5
2026-03-30,Bengaluru,carpenter,12
2026-03-31,Bengaluru,carpenter,10
2026-04-01,Bengaluru,carpenter,17
2026-04-02,Bengaluru,carpenter,14
2026-04-03,Bengaluru,carpenter,10
2026-04-04,Bengaluru,carpenter,10
2026-04-05,Bengaluru,carpenter,7
2026-04-06,Bengaluru,carpenter,12
2026-04-07,Bengaluru,carpenter,14
2026-04-08,Bengaluru,carpenter,15
2026-04-09,Bengaluru,carpenter,15
2026-04-10,Bengaluru,carpenter,15
2026-04-11,Bengaluru,carpenter,10
2026-04-12,Bengaluru,carpenter,6
2026-04-13,Bengaluru,carpenter,12
2026-04-14,Bengaluru,carpenter,19
2026-04-15,Bengaluru,carpenter,16
2026-04-16,Bengaluru,carpenter,18
2026-04-17,Bengaluru,carpenter,15
2026-04-18,Bengaluru,carpenter,10
2026-04-19,Bengaluru,carpenter,8
2026-04-20,Bengaluru,carpenter,13
2026-04-21,Bengaluru,carpenter,11
2026-04-22,Bengaluru,carpenter,15
2026-04-23,Bengaluru,carpenter,16
2026-04-24,Bengaluru,carpenter,12
2026-04-25,Bengaluru,carpenter,10
2026-04-26,Bengaluru,carpenter,8
2026-04-27,Bengaluru,carpenter,12
2026-04-28,Bengaluru,carpenter,13
2026-04-29,Bengaluru,carpenter,13
2026-04-30,Bengaluru,carpenter,13
2026-05-01,Bengaluru,carpenter,11
2026-05-02,Bengaluru,carpenter,8
2026-05-03,Bengaluru,carpenter,9
2026-05-04,Bengaluru,carpenter,12
2026-05-05,Bengaluru,carpenter,14
2026-05-06,Bengaluru,carpenter,14
2026-05-07,Bengaluru,carpenter,16
2026-05-08,Bengaluru,carpenter,15
2026-05-09,Bengaluru,carpenter,10
2026-05-10,Bengaluru,carpenter,8
2026-05-11,Bengaluru,carpenter,13
2026-05-12,Bengaluru,carpenter,12
2026-05-13,Bengaluru,carpenter,18
2026-05-14,Bengaluru,carpenter,13
2026-05-15,Bengaluru,carpenter,14
2026-05-16,Bengaluru,carpenter,11
2026-05-17,Bengaluru,carpenter,7
2026-05-18,Bengaluru,carpenter,15
2026-05-19,Bengaluru,carpenter,15
2026-05-20,Bengaluru,carpenter,18
2026-05-21,Bengaluru,carpenter,13
2026-05-22,Bengaluru,carpenter,11
2026-05-23,Bengaluru,carpenter,9
2026-05-24,Bengaluru,carpenter,8
2026-05-25,Bengaluru,carpenter,14
2026-05-26,Bengaluru,carpenter,13
2026-05-27,Bengaluru,carpenter,11
2026-05-28,Bengaluru,carpenter,15
2026-05-29,Bengaluru,carpenter,17
2026-05-30,Bengaluru,carpenter,10
2026-05-31,Bengaluru,carpenter,8
2026-06-01,Bengaluru,carpenter,9
2026-06-02,Bengaluru,carpenter,9
2026-06-03,Bengaluru,carpenter,11
2026-06-04,Bengaluru,carpenter,9
2026-06-05,Bengaluru,carpenter,8
2026-06-06,Bengaluru,carpenter,5
2026-06-07,Bengaluru,carpenter,4
2026-06-08,Bengaluru,carpenter,9
2026-06-09,Bengaluru,carpenter,9
2026-06-10,Bengaluru,carpenter,10
2026-06-11,Bengaluru,carpenter,10
2026-06-12,Bengaluru,carpenter,10
2026-06-13,Bengaluru,carpenter,7
2026-06-14,Bengaluru,carpenter,5
2026-06-15,Bengaluru,carpenter,7
2026-06-16,Bengaluru,carpenter,9
2026-06-17,Bengaluru,carpenter,10
2026-06-18,Bengaluru,carpenter,7
2026-06-19,Bengaluru,carpenter,10
2026-06-20,Bengaluru,carpenter,6
2026-06-21,Bengaluru,carpenter,5
2026-06-22,Bengaluru,carpenter,10
2026-06-23,Bengaluru,carpenter,8
2026-06-24,Bengaluru,carpenter,10
2026-06-25,Bengaluru,carpenter,9
2026-06-26,Bengaluru,carpenter,8
2026-06-27,Bengaluru,carpenter,5
2026-06-28,Bengaluru,carpenter,6
2026-06-29,Bengaluru,carpenter,8
2026-06-30,Bengaluru,carpenter,10
2026-07-01,Bengaluru,carpenter,7
2026-07-02,Bengaluru,carpenter,10
2026-07-03,Bengaluru,carpenter,10
2026-07-04,Bengaluru,carpenter,6
2026-07-05,Bengaluru,carpenter,5
2026-07-06,Bengaluru,carpenter,9
2026-07-07,Bengaluru,carpenter,12
2026-07-08,Bengaluru,carpenter,8
2026-07-09,Bengaluru,carpenter,10
2026-07-10,Bengaluru,carpenter,8
2026-07-11,Bengaluru,carpenter,6
2026-07-12,Bengaluru,carpenter,5
2026-07-13,Bengaluru,carpenter,8
2026-07-14,Bengaluru,carpenter,9
2026-07-15,Bengaluru,carpenter,8
2026-07-16,Bengaluru,carpenter,10
2026-07-17,Bengaluru,carpenter,7
2026-07-18,Bengaluru,carpenter,7
2026-07-19,Bengaluru,carpenter,4
2026-07-20,Bengaluru,carpenter,8
2026-07-21,Bengaluru,carpenter,9
2026-07-22,Bengaluru,carpenter,8
2026-07-23,Bengaluru,carpenter,9
2026-07-24,Bengaluru,carpenter,7
2026-07-25,Bengaluru,carpenter,7
2026-07-26,Bengaluru,carpenter,4
2026-07-27,Bengaluru,carpenter,8
2026-07-28,Bengaluru,carpenter,10
2026-07-29,Bengaluru,carpenter,9
2026-07-30,Bengaluru,carpenter,9
2026-07-31,Bengaluru,carpenter,7
2026-08-01,Bengaluru,carpenter,7
2026-08-02,Bengaluru,carpenter,7
2026-08-03,Bengaluru,carpenter,12
2026-08-04,Bengaluru,carpenter,9
2026-08-05,Bengaluru,carpenter,11
2026-08-06,Bengaluru,carpenter,7
2026-08-07,Bengaluru,carpenter,10
2026-08-08,Bengaluru,carpenter,7
2026-08-09,Bengaluru,carpenter,4
2026-08-10,Bengaluru,carpenter,10
2026-08-11,Bengaluru,carpenter,9
2026-08-12,Bengaluru,carpenter,9
2026-08-13,Bengaluru,carpenter,10
2026-08-14,Bengaluru,carpenter,8
2026-08-15,Bengaluru,carpenter,7
2026-08-16,Bengaluru,carpenter,4
2026-08-17,Bengaluru,carpenter,8
2026-08-18,Bengaluru,carpenter,8
2026-08-19,Bengaluru,carpenter,11
2026-08-20,Bengaluru,carpenter,9
2026-08-21,Bengaluru,carpenter,7
2026-08-22,Bengaluru,carpenter,6
2026-08-23,Bengaluru,carpenter,5
2026-08-24,Bengaluru,carpenter,8
2026-08-25,Bengaluru,carpenter,8
2026-08-26,Bengaluru,carpenter,12
2026-08-27,Bengaluru,carpenter,8
2026-08-28,Bengaluru,carpenter,9
2025-08-01,Bengaluru,painter,5
2025-08-02,Bengaluru,painter,4
2025-08-03,Bengaluru,painter,4
2025-08-04,Bengaluru,painter,7
2025-08-05,Bengaluru,painter,6
2025-08-06,Bengaluru,painter,5
2025-08-07,Bengaluru,painter,7
2025-08-08,Bengaluru,painter,6
2025-08-09,Bengaluru,painter,6
2025-08-10,Bengaluru,painter,1
2025-08-11,Bengaluru,painter,6
2025-08-12,Bengaluru,painter,8
2025-08-13,Bengaluru,painter,6
2025-08-14,Bengaluru,painter,6
2025-08-15,Bengaluru,painter,6
2025-08-16,Bengaluru,painter,3
2025-08-17,Bengaluru,painter,3
2025-08-18,Bengaluru,painter,5
2025-08-19,Bengaluru,painter,5
2025-08-20,Bengaluru,painter,8
2025-08-21,Bengaluru,painter,7
2025-08-22,Bengaluru,painter,6
2025-08-23,Bengaluru,painter,5
2025-08-24,Bengaluru,painter,3
2025-08-25,Bengaluru,painter,5
2025-08-26,Bengaluru,painter,6
2025-08-27,Bengaluru,painter,6
2025-08-28,Bengaluru,painter,5
2025-08-29,Bengaluru,painter,5
2025-08-30,Bengaluru,painter,4
2025-08-31,Bengaluru,painter,5
2025-09-01,Bengaluru,painter,5
2025-09-02,Bengaluru,painter,7
2025-09-03,Bengaluru,painter,10
2025-09-04,Bengaluru,painter,8
2025-09-05,Bengaluru,painter,8
2025-09-06,Bengaluru,painter,5
2025-09-07,Bengaluru,painter,3
2025-09-08,Bengaluru,painter,5
2025-09-09,Bengaluru,painter,8
2025-09-10,Bengaluru,painter,7
2025-09-11,Bengaluru,painter,7
2025-09-12,Bengaluru,painter,7
2025-09-13,Bengaluru,painter,7
2025-09-14,Bengaluru,painter,6
2025-09-15,Bengaluru,painter,8
2025-09-16,Bengaluru,painter,7
2025-09-17,Bengaluru,painter,7
2025-09-18,Bengaluru,painter,8
2025-09-19,Bengaluru,painter,9
2025-09-20,Bengaluru,painter,5
2025-09-21,Bengaluru,painter,2
2025-09-22,Bengaluru,painter,8
2025-09-23,Bengaluru,painter,9
2025-09-24,Bengaluru,painter,7
2025-09-25,Bengaluru,painter,8
2025-09-26,Bengaluru,painter,8
2025-09-27,Bengaluru,painter,5
2025-09-28,Bengaluru,painter,3
2025-09-29,Bengaluru,painter,8
2025-09-30,Bengaluru,painter,7
2025-10-01,Bengaluru,painter,9
2025-10-02,Bengaluru,painter,8
2025-10-03,Bengaluru,painter,11
2025-10-04,Bengaluru,painter,8
2025-10-05,Bengaluru,painter,6
2025-10-06,Bengaluru,painter,9
2025-10-07,Bengaluru,painter,10
2025-10-08,Bengaluru,painter,10
2025-10-09,Bengaluru,painter,10
2025-10-10,Bengaluru,painter,7
2025-10-11,Bengaluru,painter,6
2025-10-12,Bengaluru,painter,5
2025-10-13,Bengaluru,painter,11
2025-10-14,Bengaluru,painter,10
2025-10-15,Bengaluru,painter,12
2025-10-16,Bengaluru,painter,12
2025-10-17,Bengaluru,painter,11
2025-10-18,Bengaluru,painter,7
2025-10-19,Bengaluru,painter,6
2025-10-20,Bengaluru,painter,9
2025-10-21,Bengaluru,painter,11
2025-10-22,Bengaluru,painter,13
2025-10-23,Bengaluru,painter,11
2025-10-24,Bengaluru,painter,12
2025-10-25,Bengaluru,painter,6
2025-10-26,Bengaluru,painter,4
2025-10-27,Bengaluru,painter,11
2025-10-28,Bengaluru,painter,11
2025-10-29,Bengaluru,painter,13
2025-10-30,Bengaluru,painter,11
2025-10-31,Bengaluru,painter,9
2025-11-01,Bengaluru,painter,7
2025-11-02,Bengaluru,painter,4
2025-11-03,Bengaluru,painter,9
2025-11-04,Bengaluru,painter,12
2025-11-05,Bengaluru,painter,12
2025-11-06,Bengaluru,painter,11
2025-11-07,Bengaluru,painter,8
2025-11-08,Bengaluru,painter,7
2025-11-09,Bengaluru,painter,4
2025-11-10,Bengaluru,painter,12
2025-11-11,Bengaluru,painter,10
2025-11-12,Bengaluru,painter,10
2025-11-13,Bengaluru,painter,11
2025-11-14,Bengaluru,painter,9
2025-11-15,Bengaluru,painter,9
2025-11-16,Bengaluru,painter,5
2025-11-17,Bengaluru,painter,8
2025-11-18,Bengaluru,painter,8
2025-11-19,Bengaluru,painter,11
2025-11-20,Bengaluru,painter,10
2025-11-21,Bengaluru,painter,8
2025-11-22,Bengaluru,painter,8
2025-11-23,Bengaluru,painter,6
2025-11-24,Bengaluru,painter,10
2025-11-25,Bengaluru,painter,12
2025-11-26,Bengaluru,painter,12
2025-11-27,Bengaluru,painter,10
2025-11-28,Bengaluru,painter,9
2025-11-29,Bengaluru,painter,8
2025-11-30,Bengaluru,painter,6
2025-12-01,Bengaluru,painter,7
2025-12-02,Bengaluru,painter,6
2025-12-03,Bengaluru,painter,8
2025-12-04,Bengaluru,painter,6
2025-12-05,Bengaluru,painter,7
2025-12-06,Bengaluru,painter,6
2025-12-07,Bengaluru,painter,3
2025-12-08,Bengaluru,painter,5
2025-12-09,Bengaluru,painter,6
2025-12-10,Bengaluru,painter,8
2025-12-11,Bengaluru,painter,7
2025-12-12,Bengaluru,painter,7
2025-12-13,Bengaluru,painter,4
2025-12-14,Bengaluru,painter,4
2025-12-15,Bengaluru,painter,6
2025-12-16,Bengaluru,painter,7
2025-12-17,Bengaluru,painter,7
2025-12-18,Bengaluru,painter,6
2025-12-19,Bengaluru,painter,6
2025-12-20,Bengaluru,painter,4
2025-12-21,Bengaluru,painter,4
2025-12-22,Bengaluru,painter,7
2025-12-23,Bengaluru,painter,4
2025-12-24,Bengaluru,painter,7
2025-12-25,Bengaluru,painter,7
2025-12-26,Bengaluru,painter,8
2025-12-27,Bengaluru,painter,4
2025-12-28,Bengaluru,painter,4
2025-12-29,Bengaluru,painter,8
2025-12-30,Bengaluru,painter,6
2025-12-31,Bengaluru,painter,8
2026-01-01,Bengaluru,painter,6
2026-01-02,Bengaluru,painter,6
2026-01-03,Bengaluru,painter,4
2026-01-04,Bengaluru,painter,3
2026-01-05,Bengaluru,painter,10
2026-01-06,Bengaluru,painter,8
2026-01-07,Bengaluru,painter,9
2026-01-08,Bengaluru,painter,8
2026-01-09,Bengaluru,painter,5
2026-01-10,Bengaluru,painter,5
2026-01-11,Bengaluru,painter,5
2026-01-12,Bengaluru,painter,6
2026-01-13,Bengaluru,painter,8
2026-01-14,Bengaluru,painter,8
2026-01-15,Bengaluru,painter,9
2026-01-16,Bengaluru,painter,6
2026-01-17,Bengaluru,painter,4
2026-01-18,Bengaluru,painter,3
2026-01-19,Bengaluru,painter,8
2026-01-20,Bengaluru,painter,5
2026-01-21,Bengaluru,painter,6
2026-01-22,Bengaluru,painter,7
2026-01-23,Bengaluru,painter,6
2026-01-24,Bengaluru,painter,5
2026-01-25,Bengaluru,painter,5
2026-01-26,Bengaluru,painter,6
2026-01-27,Bengaluru,painter,5
2026-01-28,Bengaluru,painter,10
2026-01-29,Bengaluru,painter,6
2026-01-30,Bengaluru,painter,6
2026-01-31,Bengaluru,painter,6
2026-02-01,Bengaluru,painter,3
2026-02-02,Bengaluru,painter,7
2026-02-03,Bengaluru,painter,8
2026-02-04,Bengaluru,painter,9
2026-02-05,Bengaluru,painter,7
2026-02-06,Bengaluru,painter,8
2026-02-07,Bengaluru,painter,3
2026-02-08,Bengaluru,painter,5
2026-02-09,Bengaluru,painter,6
2026-02-10,Bengaluru,painter,9
2026-02-11,Bengaluru,painter,8
2026-02-12,Bengaluru,painter,7
2026-02-13,Bengaluru,painter,8
2026-02-14,Bengaluru,painter,6
2026-02-15,Bengaluru,painter,4
2026-02-16,Bengaluru,painter,6
2026-02-17,Bengaluru,painter,7
2026-02-18,Bengaluru,painter,8
2026-02-19,Bengaluru,painter,7
2026-02-20,Bengaluru,painter,8
2026-02-21,Bengaluru,painter,3
2026-02-22,Bengaluru,painter,4
2026-02-23,Bengaluru,painter,7
2026-02-24,Bengaluru,painter,7
2026-02-25,Bengaluru,painter,7
2026-02-26,Bengaluru,painter,7
2026-02-27,Bengaluru,painter,3
2026-02-28,Bengaluru,painter,4
2026-03-01,Bengaluru,painter,3
2026-03-02,Bengaluru,painter,8
2026-03-03,Bengaluru,painter,7
2026-03-04,Bengaluru,painter,8
2026-03-05,Bengaluru,painter,10
2026-03-06,Bengaluru,painter,9
2026-03-07,Bengaluru,painter,6
2026-03-08,Bengaluru,painter,4
2026-03-09,Bengaluru,painter,8
2026-03-10,Bengaluru,painter,8
2026-03-11,Bengaluru,painter,8
2026-03-12,Bengaluru,painter,9
2026-03-13,Bengaluru,painter,7
2026-03-14,Bengaluru,painter,7
2026-03-15,Bengaluru,painter,4
2026-03-16,Bengaluru,painter,8
2026-03-17,Bengaluru,painter,10
2026-03-18,Bengaluru,painter,10
2026-03-19,Bengaluru,painter,7
2026-03-20,Bengaluru,painter,8
2026-03-21,Bengaluru,painter,6
2026-03-22,Bengaluru,painter,5
2026-03-23,Bengaluru,painter,7
2026-03-24,Bengaluru,painter,8
2026-03-25,Bengaluru,painter,10
2026-03-26,Bengaluru,painter,8
2026-03-27,Bengaluru,painter,8
2026-03-28,Bengaluru,painter,7
2026-03-29,Bengaluru,painter,4
2026-03-30,Bengaluru,painter,7
2026-03-31,Bengaluru,painter,7
2026-04-01,Bengaluru,painter,11
2026-04-02,Bengaluru,painter,9
2026-04-03,Bengaluru,painter,10
2026-04-04,Bengaluru,painter,7
2026-04-05,Bengaluru,painter,7
2026-04-06,Bengaluru,painter,11
2026-04-07,Bengaluru,painter,10
2026-04-08,Bengaluru,painter,12
2026-04-09,Bengaluru,painter,10
2026-04-10,Bengaluru,painter,8
2026-04-11,Bengaluru,painter,7
2026-04-12,Bengaluru,painter,7
2026-04-13,Bengaluru,painter,10
2026-04-14,Bengaluru,painter,10
2026-04-15,Bengaluru,painter,13
2026-04-16,Bengaluru,painter,9
2026-04-17,Bengaluru,painter,8
2026-04-18,Bengaluru,painter,5
2026-04-19,Bengaluru,painter,6
2026-04-20,Bengaluru,painter,10
2026-04-21,Bengaluru,painter,12
2026-04-22,Bengaluru,painter,11
2026-04-23,Bengaluru,painter,10
2026-04-24,Bengaluru,painter,10
2026-04-25,Bengaluru,painter,7
2026-04-26,Bengaluru,painter,4
2026-04-27,Bengaluru,painter,13
2026-04-28,Bengaluru,painter,11
2026-04-29,Bengaluru,painter,11
2026-04-30,Bengaluru,painter,11
2026-05-01,Bengaluru,painter,11
2026-05-02,Bengaluru,painter,7
2026-05-03,Bengaluru,painter,5
2026-05-04,Bengaluru,painter,11
2026-05-05,Bengaluru,painter,11
2026-05-06,Bengaluru,painter,10
2026-05-07,Bengaluru,painter,12
2026-05-08,Bengaluru,painter,10
2026-05-09,Bengaluru,painter,8
2026-05-10,Bengaluru,painter,7
2026-05-11,Bengaluru,painter,10
2026-05-12,Bengaluru,painter,11
2026-05-13,Bengaluru,painter,12
2026-05-14,Bengaluru,painter,10
2026-05-15,Bengaluru,painter,10
2026-05-16,Bengaluru,painter,7
2026-05-17,Bengaluru,painter,5
2026-05-18,Bengaluru,painter,13
2026-05-19,Bengaluru,painter,9
2026-05-20,Bengaluru,painter,9
2026-05-21,Bengaluru,painter,12
2026-05-22,Bengaluru,painter,11
2026-05-23,Bengaluru,painter,6
2026-05-24,Bengaluru,painter,6
2026-05-25,Bengaluru,painter,12
2026-05-26,Bengaluru,painter,11
2026-05-27,Bengaluru,painter,15
2026-05-28,Bengaluru,painter,8
2026-05-29,Bengaluru,painter,11
2026-05-30,Bengaluru,painter,8
2026-05-31,Bengaluru,painter,6
2026-06-01,Bengaluru,painter,6
2026-06-02,Bengaluru,painter,6
2026-06-03,Bengaluru,painter,8
2026-06-04,Bengaluru,painter,8
2026-06-05,Bengaluru,painter,7
2026-06-06,Bengaluru,painter,6
2026-06-07,Bengaluru,painter,3
2026-06-08,Bengaluru,painter,6
2026-06-09,Bengaluru,painter,6
2026-06-10,Bengaluru,painter,7
2026-06-11,Bengaluru,painter,8
2026-06-12,Bengaluru,painter,7
2026-06-13,Bengaluru,painter,7
2026-06-14,Bengaluru,painter,4
2026-06-15,Bengaluru,painter,7
2026-06-16,Bengaluru,painter,7
2026-06-17,Bengaluru,painter,7
2026-06-18,Bengaluru,painter,7
2026-06-19,Bengaluru,painter,8
2026-06-20,Bengaluru,painter,5
2026-06-21,Bengaluru,painter,3
2026-06-22,Bengaluru,painter,6
2026-06-23,Bengaluru,painter,6
2026-06-24,Bengaluru,painter,7
2026-06-25,Bengaluru,painter,8
2026-06-26,Bengaluru,painter,5
2026-06-27,Bengaluru,painter,4
2026-06-28,Bengaluru,painter,4
2026-06-29,Bengaluru,painter,5
2026-06-30,Bengaluru,painter,6
2026-07-01,Bengaluru,painter,7
2026-07-02,Bengaluru,painter,6
2026-07-03,Bengaluru,painter,7
2026-07-04,Bengaluru,painter,4
2026-07-05,Bengaluru,painter,3
2026-07-06,Bengaluru,painter,7
2026-07-07,Bengaluru,painter,9
2026-07-08,Bengaluru,painter,9
2026-07-09,Bengaluru,painter,5
2026-07-10,Bengaluru,painter,7
2026-07-11,Bengaluru,painter,4
2026-07-12,Bengaluru,painter,4
2026-07-13,Bengaluru,painter,6
2026-07-14,Bengaluru,painter,7
2026-07-15,Bengaluru,painter,7
2026-07-16,Bengaluru,painter,6
2026-07-17,Bengaluru,painter,6
2026-07-18,Bengaluru,painter,4
2026-07-19,Bengaluru,painter,4
2026-07-20,Bengaluru,painter,7
2026-07-21,Bengaluru,painter,8
2026-07-22,Bengaluru,painter,7
2026-07-23,Bengaluru,painter,7
2026-07-24,Bengaluru,painter,8
2026-07-25,Bengaluru,painter,6
2026-07-26,Bengaluru,painter,4
2026-07-27,Bengaluru,painter,6
2026-07-28,Bengaluru,painter,7
2026-07-29,Bengaluru,painter,6
2026-07-30,Bengaluru,painter,7
2026-07-31,Bengaluru,painter,7
2026-08-01,Bengaluru,painter,5
2026-08-02,Bengaluru,painter,3
2026-08-03,Bengaluru,painter,7
2026-08-04,Bengaluru,painter,6
2026-08-05,Bengaluru,painter,8
2026-08-06,Bengaluru,painter,7
2026-08-07,Bengaluru,painter,6
2026-08-08,Bengaluru,painter,4
2026-08-09,Bengaluru,painter,4
2026-08-10,Bengaluru,painter,6
2026-08-11,Bengaluru,painter,8
2026-08-12,Bengaluru,painter,7
2026-08-13,Bengaluru,painter,9
2026-08-14,Bengaluru,painter,8
2026-08-15,Bengaluru,painter,4
2026-08-16,Bengaluru,painter,4
2026-08-17,Bengaluru,painter,6
2026-08-18,Bengaluru,painter,7
2026-08-19,Bengaluru,painter,9
2026-08-20,Bengaluru,painter,7
2026-08-21,Bengaluru,painter,7
2026-08-22,Bengaluru,painter,5
2026-08-23,Bengaluru,painter,3
2026-08-24,Bengaluru,painter,6
2026-08-25,Bengaluru,painter,6
2026-08-26,Bengaluru,painter,6
2026-08-27,Bengaluru,painter,4
2026-08-28,Bengaluru,painter,7
